match,teamInnings,battingPos,batsmanName,runs,balls,4s,6s,SR,out/not_out,Match_Id,batting_avg,batting_sr,runs % by boundary,avg_balls_faced,majorityPosition,total_bat_innings,total_runs
India Vs South Africa,India,1,Rohit Sharma,9,5,2,0,180.0,out,T20I # 2729,36.71,156.71,72.37,20.0,1,8,257
India Vs South Africa,India,2,Virat Kohli,76,59,6,2,128.81,out,T20I # 2729,18.88,112.69,49.01,17.0,2,8,151
India Vs South Africa,India,3,Rishabh Pant,0,2,0,0,0.0,out,T20I # 2729,24.43,127.61,65.5,17.0,3,8,171
India Vs South Africa,India,4,Suryakumar Yadav,3,4,0,0,75.0,out,T20I # 2729,28.43,135.37,60.3,18.0,4,8,199
India Vs South Africa,India,5,Axar Patel,47,31,1,4,151.61,out,T20I # 2729,23.0,139.39,60.87,13.0,8,5,92
India Vs South Africa,India,6,Shivam Dube,27,16,3,1,168.75,out,T20I # 2729,22.17,114.66,49.62,14.0,5,8,133
India Vs South Africa,India,7,Hardik Pandya,5,2,1,0,250.0,not out,T20I # 2729,48.0,151.58,68.06,16.0,6,6,144
India Vs South Africa,India,8,Ravindra Jadeja,2,2,0,0,100.0,out,T20I # 2729,11.67,159.09,51.43,4.0,8,5,35
India Vs South Africa,South Africa,1,Reeza Hendricks,4,5,1,0,80.0,out,T20I # 2729,14.12,87.6,54.87,14.0,2,9,113
India Vs South Africa,South Africa,2,Quinton de Kock,39,31,4,1,125.8,out,T20I # 2729,27.0,140.46,66.67,19.0,1,9,243
India Vs South Africa,South Africa,3,Aiden Markram,4,5,1,0,80.0,out,T20I # 2729,15.38,100.82,55.28,14.0,3,9,123
India Vs South Africa,South Africa,4,Tristan Stubbs,31,21,3,1,147.61,out,T20I # 2729,33.0,101.23,42.42,20.0,4,8,165
India Vs South Africa,South Africa,5,Heinrich Klaasen,52,27,2,5,192.59,out,T20I # 2729,31.67,126.67,60.0,19.0,5,8,190
India Vs South Africa,South Africa,6,David Miller,21,17,1,1,123.52,out,T20I # 2729,28.17,102.42,52.07,21.0,6,8,169
India Vs South Africa,South Africa,7,Marco Jansen,2,4,0,0,50.0,out,T20I # 2729,8.0,96.97,31.25,6.0,7,6,32
India Vs South Africa,South Africa,8,Keshav Maharaj,2,7,0,0,28.57,not out,T20I # 2729,13.0,54.17,30.77,5.0,8,5,13
India Vs South Africa,South Africa,9,Kagiso Rabada,4,3,1,0,133.33,out,T20I # 2729,4.5,128.57,88.89,2.0,9,3,9
India Vs South Africa,South Africa,10,Anrich Nortje,1,1,0,0,100.0,not out,T20I # 2729,1.0,100.0,0.0,1.0,10,1,1
India Vs England,India,1,Rohit Sharma,57,39,6,2,146.15,out,T20I # 2724,36.71,156.71,72.37,20.0,1,8,257
India Vs England,India,2,Virat Kohli,9,9,0,1,100.0,out,T20I # 2724,18.88,112.69,49.01,17.0,2,8,151
India Vs England,India,3,Rishabh Pant,4,6,0,0,66.66,out,T20I # 2724,24.43,127.61,65.5,17.0,3,8,171
India Vs England,India,4,Suryakumar Yadav,47,36,4,2,130.55,out,T20I # 2724,28.43,135.37,60.3,18.0,4,8,199
India Vs England,India,5,Hardik Pandya,23,13,1,2,176.92,out,T20I # 2724,48.0,151.58,68.06,16.0,6,6,144
India Vs England,India,6,Ravindra Jadeja,17,9,2,0,188.88,not out,T20I # 2724,11.67,159.09,51.43,4.0,8,5,35
India Vs England,India,7,Shivam Dube,0,1,0,0,0.0,out,T20I # 2724,22.17,114.66,49.62,14.0,5,8,133
India Vs England,India,8,Axar Patel,10,6,0,1,166.66,out,T20I # 2724,23.0,139.39,60.87,13.0,8,5,92
India Vs England,India,9,Arshdeep Singh,1,1,0,0,100.0,not out,T20I # 2724,12.0,75.0,33.33,5.0,9,3,12
India Vs England,England,1,Phil Salt,5,8,0,0,62.5,out,T20I # 2724,37.6,159.32,65.96,17.0,1,7,188
India Vs England,England,2,Jos Buttler,23,15,4,0,153.33,out,T20I # 2724,42.8,158.52,69.16,19.0,2,7,214
India Vs England,England,3,Moeen Ali,8,10,0,0,80.0,out,T20I # 2724,14.2,139.22,53.52,10.0,3,5,71
India Vs England,England,4,Jonny Bairstow,0,3,0,0,0.0,out,T20I # 2724,27.5,134.15,61.82,14.0,4,6,110
India Vs England,England,5,Harry Brook,25,19,3,0,131.57,out,T20I # 2724,72.5,157.61,52.41,23.0,5,4,145
India Vs England,England,6,Sam Curran,2,4,0,0,50.0,out,T20I # 2724,12.0,109.09,33.33,6.0,7,2,12
India Vs England,England,7,Liam Livingstone,11,16,0,0,68.75,out,T20I # 2724,18.0,146.94,58.33,12.0,6,4,72
India Vs England,England,8,Chris Jordan,1,5,0,0,20.0,out,T20I # 2724,2.0,25.0,0.0,4.0,8,2,2
India Vs England,England,9,Jofra Archer,21,15,1,2,140.0,out,T20I # 2724,22.0,129.41,72.73,8.0,8,2,22
India Vs England,England,10,Adil Rashid,2,2,0,0,100.0,out,T20I # 2724,2.0,100.0,0.0,2.0,10,1,2
India Vs England,England,11,Reece Topley,3,3,0,0,100.0,not out,T20I # 2724,3.0,100.0,0.0,3.0,11,1,3
Afghanistan Vs South Africa,Afghanistan,1,Rahmanullah Gurbaz,0,3,0,0,0.0,out,T20I # 2723,35.12,124.34,59.79,28.0,1,8,281
Afghanistan Vs South Africa,Afghanistan,2,Ibrahim Zadran,2,5,0,0,40.0,out,T20I # 2723,28.88,107.44,53.68,27.0,2,8,231
Afghanistan Vs South Africa,Afghanistan,3,Gulbadin Naib,9,8,2,0,112.5,out,T20I # 2723,12.86,104.65,60.0,11.0,3,8,90
Afghanistan Vs South Africa,Afghanistan,4,Azmatullah Omarzai,10,12,2,0,83.33,out,T20I # 2723,13.88,108.82,46.85,13.0,4,8,111
Afghanistan Vs South Africa,Afghanistan,5,Mohammad Nabi,0,3,0,0,0.0,out,T20I # 2723,11.2,80.0,32.14,9.0,5,8,56
Afghanistan Vs South Africa,Afghanistan,6,Nangeyalia Kharote,2,7,0,0,28.57,out,T20I # 2723,3.0,37.5,0.0,4.0,8,2,3
Afghanistan Vs South Africa,Afghanistan,7,Karim Janat,8,13,1,0,61.53,out,T20I # 2723,14.33,113.16,46.51,8.0,6,5,43
Afghanistan Vs South Africa,Afghanistan,8,Rashid Khan,8,8,2,0,100.0,out,T20I # 2723,11.4,123.91,77.19,7.0,8,7,57
Afghanistan Vs South Africa,Afghanistan,9,Noor Ahmad,0,2,0,0,0.0,out,T20I # 2723,4.67,58.33,71.43,8.0,9,3,14
Afghanistan Vs South Africa,Afghanistan,10,Naveen-ul-Haq,2,8,0,0,25.0,out,T20I # 2723,2.0,40.0,66.67,5.0,10,3,6
Afghanistan Vs South Africa,Afghanistan,11,Fazalhaq Farooqi,2,2,0,0,100.0,not out,T20I # 2723,6.0,120.0,66.67,2.0,11,3,6
Afghanistan Vs South Africa,South Africa,1,Quinton de Kock,5,8,1,0,62.5,out,T20I # 2723,27.0,140.46,66.67,19.0,1,9,243
Afghanistan Vs South Africa,South Africa,2,Reeza Hendricks,29,25,3,1,116.0,not out,T20I # 2723,14.12,87.6,54.87,14.0,2,9,113
Afghanistan Vs South Africa,South Africa,3,Aiden Markram,23,21,4,0,109.52,not out,T20I # 2723,15.38,100.82,55.28,14.0,3,9,123
Afghanistan Vs Bangladesh,Afghanistan,1,Rahmanullah Gurbaz,43,55,3,1,78.18,out,T20I # 2722,35.12,124.34,59.79,28.0,1,8,281
Afghanistan Vs Bangladesh,Afghanistan,2,Ibrahim Zadran,18,29,1,0,62.06,out,T20I # 2722,28.88,107.44,53.68,27.0,2,8,231
Afghanistan Vs Bangladesh,Afghanistan,3,Azmatullah Omarzai,10,12,0,0,83.33,out,T20I # 2722,13.88,108.82,46.85,13.0,4,8,111
Afghanistan Vs Bangladesh,Afghanistan,4,Gulbadin Naib,4,3,1,0,133.33,out,T20I # 2722,12.86,104.65,60.0,11.0,3,8,90
Afghanistan Vs Bangladesh,Afghanistan,5,Mohammad Nabi,1,5,0,0,20.0,out,T20I # 2722,11.2,80.0,32.14,9.0,5,8,56
Afghanistan Vs Bangladesh,Afghanistan,6,Karim Janat,7,6,1,0,116.66,not out,T20I # 2722,14.33,113.16,46.51,8.0,6,5,43
Afghanistan Vs Bangladesh,Afghanistan,7,Rashid Khan,19,10,0,3,190.0,not out,T20I # 2722,11.4,123.91,77.19,7.0,8,7,57
Afghanistan Vs Bangladesh,Bangladesh,1,Litton Das,54,49,5,1,110.2,not out,T20I # 2722,23.17,93.29,47.48,21.0,3,7,139
Afghanistan Vs Bangladesh,Bangladesh,2,Tanzid Hasan,0,3,0,0,0.0,out,T20I # 2722,10.86,96.2,65.79,11.0,1,7,76
Afghanistan Vs Bangladesh,Bangladesh,3,Najmul Hossain Shanto,5,5,1,0,100.0,out,T20I # 2722,16.0,95.73,51.79,17.0,3,7,112
Afghanistan Vs Bangladesh,Bangladesh,4,Shakib Al Hasan,0,1,0,0,0.0,out,T20I # 2722,18.5,106.73,48.65,15.0,4,7,111
Afghanistan Vs Bangladesh,Bangladesh,5,Soumya Sarkar,10,10,1,0,100.0,out,T20I # 2722,5.0,83.33,40.0,6.0,2,2,10
Afghanistan Vs Bangladesh,Bangladesh,6,Towhid Hridoy,14,9,2,0,155.55,out,T20I # 2722,21.86,128.57,54.9,17.0,5,7,153
Afghanistan Vs Bangladesh,Bangladesh,7,Mahmudullah,6,9,1,0,66.66,out,T20I # 2722,15.83,94.06,52.63,14.0,6,7,95
Afghanistan Vs Bangladesh,Bangladesh,8,Rishad Hossain,0,1,0,0,0.0,out,T20I # 2722,8.0,153.85,80.0,4.0,8,6,40
Afghanistan Vs Bangladesh,Bangladesh,9,Tanzim Hasan Sakib,3,10,0,0,30.0,out,T20I # 2722,6.0,52.17,0.0,5.0,10,5,12
Afghanistan Vs Bangladesh,Bangladesh,10,Taskin Ahmed,2,9,0,0,22.22,out,T20I # 2722,14.0,84.85,42.86,7.0,9,5,28
Afghanistan Vs Bangladesh,Bangladesh,11,Mustafizur Rahman,0,1,0,0,0.0,out,T20I # 2722,1.5,60.0,0.0,2.0,11,2,3
India Vs Australia,India,1,Rohit Sharma,92,41,7,8,224.39,out,T20I # 2721,36.71,156.71,72.37,20.0,1,8,257
India Vs Australia,India,2,Virat Kohli,0,5,0,0,0.0,out,T20I # 2721,18.88,112.69,49.01,17.0,2,8,151
India Vs Australia,India,3,Rishabh Pant,15,14,1,1,107.14,out,T20I # 2721,24.43,127.61,65.5,17.0,3,8,171
India Vs Australia,India,4,Suryakumar Yadav,31,16,3,2,193.75,out,T20I # 2721,28.43,135.37,60.3,18.0,4,8,199
India Vs Australia,India,5,Shivam Dube,28,22,2,1,127.27,out,T20I # 2721,22.17,114.66,49.62,14.0,5,8,133
India Vs Australia,India,6,Hardik Pandya,27,17,1,2,158.82,not out,T20I # 2721,48.0,151.58,68.06,16.0,6,6,144
India Vs Australia,India,7,Ravindra Jadeja,9,5,0,1,180.0,not out,T20I # 2721,11.67,159.09,51.43,4.0,8,5,35
India Vs Australia,Australia,1,David Warner,6,6,1,0,100.0,out,T20I # 2721,29.67,139.06,68.54,18.0,1,7,178
India Vs Australia,Australia,2,Travis Head,76,43,9,4,176.74,out,T20I # 2721,42.5,158.39,76.08,23.0,2,7,255
India Vs Australia,Australia,3,Mitchell Marsh,37,28,3,2,132.14,out,T20I # 2721,20.83,116.82,65.6,15.0,3,7,125
India Vs Australia,Australia,4,Glenn Maxwell,20,12,2,1,166.66,out,T20I # 2721,26.4,141.94,68.18,16.0,4,6,132
India Vs Australia,Australia,5,Marcus Stoinis,2,4,0,0,50.0,out,T20I # 2721,42.25,164.08,68.64,21.0,5,5,169
India Vs Australia,Australia,6,Tim David,15,11,1,1,136.36,out,T20I # 2721,15.25,148.78,62.3,8.0,6,5,61
India Vs Australia,Australia,7,Matthew Wade,1,2,0,0,50.0,out,T20I # 2721,13.5,112.5,44.44,6.0,7,4,27
India Vs Australia,Australia,8,Pat Cummins,11,7,0,1,157.14,not out,T20I # 2721,7.0,82.35,42.86,6.0,8,3,14
India Vs Australia,Australia,9,Mitchell Starc,4,7,0,0,57.14,not out,T20I # 2721,4.0,57.14,0.0,4.0,9,2,4
West Indies Vs South Africa,West Indies,1,Kyle Mayers,35,34,3,2,102.94,out,T20I # 2720,35.0,102.94,68.57,34.0,1,1,35
West Indies Vs South Africa,West Indies,2,Shai Hope,0,1,0,0,0.0,out,T20I # 2720,53.5,187.72,71.03,19.0,1,3,107
West Indies Vs South Africa,West Indies,3,Nicholas Pooran,1,3,0,0,33.33,out,T20I # 2720,38.0,146.15,71.05,22.0,3,7,228
West Indies Vs South Africa,West Indies,4,Roston Chase,52,42,3,2,123.8,out,T20I # 2720,47.0,130.56,55.32,24.0,4,3,94
West Indies Vs South Africa,West Indies,5,Rovman Powell,1,2,0,0,50.0,out,T20I # 2720,17.0,143.66,62.75,12.0,5,6,102
West Indies Vs South Africa,West Indies,6,Sherfane Rutherford,0,4,0,0,0.0,out,T20I # 2720,40.33,147.56,61.16,14.0,6,6,121
West Indies Vs South Africa,West Indies,7,Andre Russell,15,9,0,2,166.66,out,T20I # 2720,26.0,165.96,71.79,8.0,6,6,78
West Indies Vs South Africa,West Indies,8,Akeal Hosein,6,11,1,0,54.54,out,T20I # 2720,10.5,75.0,47.62,14.0,8,2,21
West Indies Vs South Africa,West Indies,9,Alzarri Joseph,11,7,0,1,157.14,not out,T20I # 2720,17.0,130.77,58.82,6.0,9,2,17
West Indies Vs South Africa,West Indies,10,Gudakesh Motie,4,7,1,0,57.14,not out,T20I # 2720,4.0,50.0,100.0,4.0,10,2,4
West Indies Vs South Africa,South Africa,1,Quinton de Kock,12,7,3,0,171.42,out,T20I # 2720,27.0,140.46,66.67,19.0,1,9,243
West Indies Vs South Africa,South Africa,2,Reeza Hendricks,0,1,0,0,0.0,out,T20I # 2720,14.12,87.6,54.87,14.0,2,9,113
West Indies Vs South Africa,South Africa,3,Aiden Markram,18,15,2,0,120.0,out,T20I # 2720,15.38,100.82,55.28,14.0,3,9,123
West Indies Vs South Africa,South Africa,4,Tristan Stubbs,29,27,4,0,107.4,out,T20I # 2720,33.0,101.23,42.42,20.0,4,8,165
West Indies Vs South Africa,South Africa,5,Heinrich Klaasen,22,10,3,1,220.0,out,T20I # 2720,31.67,126.67,60.0,19.0,5,8,190
West Indies Vs South Africa,South Africa,6,David Miller,4,14,0,0,28.57,out,T20I # 2720,28.17,102.42,52.07,21.0,6,8,169
West Indies Vs South Africa,South Africa,7,Marco Jansen,21,14,1,1,150.0,not out,T20I # 2720,8.0,96.97,31.25,6.0,7,6,32
West Indies Vs South Africa,South Africa,8,Keshav Maharaj,2,6,0,0,33.33,out,T20I # 2720,13.0,54.17,30.77,5.0,8,5,13
West Indies Vs South Africa,South Africa,9,Kagiso Rabada,5,3,1,0,166.66,not out,T20I # 2720,4.5,128.57,88.89,2.0,9,3,9
United States of America Vs England,United States of America,1,Steven Taylor,12,13,2,0,92.3,out,T20I # 2719,12.33,90.24,62.16,14.0,1,6,74
United States of America Vs England,United States of America,2,Andries Gous,8,5,0,1,160.0,out,T20I # 2719,43.8,151.03,66.67,24.0,2,6,219
United States of America Vs England,United States of America,3,Nitish Kumar,30,24,1,2,125.0,out,T20I # 2719,24.75,115.12,48.48,17.0,3,5,99
United States of America Vs England,United States of America,4,Aaron Jones,10,16,2,0,62.5,out,T20I # 2719,40.5,135.0,71.6,20.0,4,6,162
United States of America Vs England,United States of America,5,Corey Anderson,29,28,0,1,103.57,out,T20I # 2719,16.5,91.67,33.33,14.0,5,5,66
United States of America Vs England,United States of America,6,Milind Kumar,4,6,0,0,66.66,out,T20I # 2719,11.5,85.19,17.39,14.0,6,2,23
United States of America Vs England,United States of America,7,Harmeet Singh,21,17,2,1,123.52,out,T20I # 2719,17.25,138.0,66.67,12.0,7,4,69
United States of America Vs England,United States of America,8,Shadley van Schalkwyk,0,0,0,0,,not out,T20I # 2719,29.0,107.41,55.17,9.0,8,3,29
United States of America Vs England,United States of America,9,Ali Khan,0,2,0,0,0.0,out,T20I # 2719,14.0,175.0,71.43,4.0,9,2,14
United States of America Vs England,United States of America,10,Nosthush Kenjige,0,1,0,0,0.0,out,T20I # 2719,0.5,25.0,0.0,2.0,9,2,1
United States of America Vs England,United States of America,11,Saurabh Netravalkar,0,1,0,0,0.0,out,T20I # 2719,0.0,0.0,0.0,2.0,11,2,0
United States of America Vs England,England,1,Phil Salt,25,21,2,0,119.04,not out,T20I # 2719,37.6,159.32,65.96,17.0,1,7,188
United States of America Vs England,England,2,Jos Buttler,83,38,6,7,218.42,not out,T20I # 2719,42.8,158.52,69.16,19.0,2,7,214
Afghanistan Vs Australia,Afghanistan,1,Rahmanullah Gurbaz,60,49,4,4,122.44,out,T20I # 2717,35.12,124.34,59.79,28.0,1,8,281
Afghanistan Vs Australia,Afghanistan,2,Ibrahim Zadran,51,48,6,0,106.25,out,T20I # 2717,28.88,107.44,53.68,27.0,2,8,231
Afghanistan Vs Australia,Afghanistan,3,Azmatullah Omarzai,2,3,0,0,66.66,out,T20I # 2717,13.88,108.82,46.85,13.0,4,8,111
Afghanistan Vs Australia,Afghanistan,4,Karim Janat,13,9,0,1,144.44,out,T20I # 2717,14.33,113.16,46.51,8.0,6,5,43
Afghanistan Vs Australia,Afghanistan,5,Rashid Khan,2,5,0,0,40.0,out,T20I # 2717,11.4,123.91,77.19,7.0,8,7,57
Afghanistan Vs Australia,Afghanistan,6,Mohammad Nabi,10,4,2,0,250.0,not out,T20I # 2717,11.2,80.0,32.14,9.0,5,8,56
Afghanistan Vs Australia,Afghanistan,7,Gulbadin Naib,0,1,0,0,0.0,out,T20I # 2717,12.86,104.65,60.0,11.0,3,8,90
Afghanistan Vs Australia,Afghanistan,8,Nangeyalia Kharote,1,1,0,0,100.0,not out,T20I # 2717,3.0,37.5,0.0,4.0,8,2,3
Afghanistan Vs Australia,Australia,1,Travis Head,0,3,0,0,0.0,out,T20I # 2717,42.5,158.39,76.08,23.0,2,7,255
Afghanistan Vs Australia,Australia,2,David Warner,3,8,0,0,37.5,out,T20I # 2717,29.67,139.06,68.54,18.0,1,7,178
Afghanistan Vs Australia,Australia,3,Mitchell Marsh,12,9,2,0,133.33,out,T20I # 2717,20.83,116.82,65.6,15.0,3,7,125
Afghanistan Vs Australia,Australia,4,Glenn Maxwell,59,41,6,3,143.9,out,T20I # 2717,26.4,141.94,68.18,16.0,4,6,132
Afghanistan Vs Australia,Australia,5,Marcus Stoinis,11,17,1,0,64.7,out,T20I # 2717,42.25,164.08,68.64,21.0,5,5,169
Afghanistan Vs Australia,Australia,6,Tim David,2,4,0,0,50.0,out,T20I # 2717,15.25,148.78,62.3,8.0,6,5,61
Afghanistan Vs Australia,Australia,7,Matthew Wade,5,7,0,0,71.42,out,T20I # 2717,13.5,112.5,44.44,6.0,7,4,27
Afghanistan Vs Australia,Australia,8,Pat Cummins,3,9,0,0,33.33,out,T20I # 2717,7.0,82.35,42.86,6.0,8,3,14
Afghanistan Vs Australia,Australia,9,Ashton Agar,2,5,0,0,40.0,out,T20I # 2717,2.0,40.0,0.0,5.0,9,1,2
Afghanistan Vs Australia,Australia,10,Adam Zampa,9,7,1,0,128.57,out,T20I # 2717,9.0,128.57,44.44,7.0,10,1,9
Afghanistan Vs Australia,Australia,11,Josh Hazlewood,5,7,0,0,71.42,not out,T20I # 2717,5.0,71.43,0.0,7.0,11,1,5
India Vs Bangladesh,India,1,Rohit Sharma,23,11,3,1,209.09,out,T20I # 2716,36.71,156.71,72.37,20.0,1,8,257
India Vs Bangladesh,India,2,Virat Kohli,37,28,1,3,132.14,out,T20I # 2716,18.88,112.69,49.01,17.0,2,8,151
India Vs Bangladesh,India,3,Rishabh Pant,36,24,4,2,150.0,out,T20I # 2716,24.43,127.61,65.5,17.0,3,8,171
India Vs Bangladesh,India,4,Suryakumar Yadav,6,2,0,1,300.0,out,T20I # 2716,28.43,135.37,60.3,18.0,4,8,199
India Vs Bangladesh,India,5,Shivam Dube,34,24,0,3,141.66,out,T20I # 2716,22.17,114.66,49.62,14.0,5,8,133
India Vs Bangladesh,India,6,Hardik Pandya,50,27,4,3,185.18,not out,T20I # 2716,48.0,151.58,68.06,16.0,6,6,144
India Vs Bangladesh,India,7,Axar Patel,3,5,0,0,60.0,not out,T20I # 2716,23.0,139.39,60.87,13.0,8,5,92
India Vs Bangladesh,Bangladesh,1,Litton Das,13,10,1,1,130.0,out,T20I # 2716,23.17,93.29,47.48,21.0,3,7,139
India Vs Bangladesh,Bangladesh,2,Tanzid Hasan,29,31,4,0,93.54,out,T20I # 2716,10.86,96.2,65.79,11.0,1,7,76
India Vs Bangladesh,Bangladesh,3,Najmul Hossain Shanto,40,32,1,3,125.0,out,T20I # 2716,16.0,95.73,51.79,17.0,3,7,112
India Vs Bangladesh,Bangladesh,4,Towhid Hridoy,4,6,0,0,66.66,out,T20I # 2716,21.86,128.57,54.9,17.0,5,7,153
India Vs Bangladesh,Bangladesh,5,Shakib Al Hasan,11,7,1,1,157.14,out,T20I # 2716,18.5,106.73,48.65,15.0,4,7,111
India Vs Bangladesh,Bangladesh,6,Mahmudullah,13,15,1,0,86.66,out,T20I # 2716,15.83,94.06,52.63,14.0,6,7,95
India Vs Bangladesh,Bangladesh,7,Jaker Ali,1,4,0,0,25.0,out,T20I # 2716,11.67,76.09,34.29,12.0,7,4,35
India Vs Bangladesh,Bangladesh,8,Rishad Hossain,24,10,1,3,240.0,out,T20I # 2716,8.0,153.85,80.0,4.0,8,6,40
India Vs Bangladesh,Bangladesh,9,Mahedi Hasan,5,4,1,0,125.0,not out,T20I # 2716,5.0,100.0,80.0,2.0,8,2,5
India Vs Bangladesh,Bangladesh,10,Tanzim Hasan Sakib,1,1,0,0,100.0,not out,T20I # 2716,6.0,52.17,0.0,5.0,10,5,12
United States of America Vs West Indies,United States of America,1,Steven Taylor,2,7,0,0,28.57,out,T20I # 2713,12.33,90.24,62.16,14.0,1,6,74
United States of America Vs West Indies,United States of America,2,Andries Gous,29,16,3,1,181.25,out,T20I # 2713,43.8,151.03,66.67,24.0,2,6,219
United States of America Vs West Indies,United States of America,3,Nitish Kumar,20,19,2,0,105.26,out,T20I # 2713,24.75,115.12,48.48,17.0,3,5,99
United States of America Vs West Indies,United States of America,4,Aaron Jones,11,11,0,1,100.0,out,T20I # 2713,40.5,135.0,71.6,20.0,4,6,162
United States of America Vs West Indies,United States of America,5,Corey Anderson,7,15,0,0,46.66,out,T20I # 2713,16.5,91.67,33.33,14.0,5,5,66
United States of America Vs West Indies,United States of America,6,Milind Kumar,19,21,1,0,90.47,out,T20I # 2713,11.5,85.19,17.39,14.0,6,2,23
United States of America Vs West Indies,United States of America,7,Harmeet Singh,0,1,0,0,0.0,out,T20I # 2713,17.25,138.0,66.67,12.0,7,4,69
United States of America Vs West Indies,United States of America,8,Shadley van Schalkwyk,18,17,3,0,105.88,out,T20I # 2713,29.0,107.41,55.17,9.0,8,3,29
United States of America Vs West Indies,United States of America,9,Nosthush Kenjige,1,3,0,0,33.33,out,T20I # 2713,0.5,25.0,0.0,2.0,9,2,1
United States of America Vs West Indies,United States of America,10,Ali Khan,14,6,1,1,233.33,not out,T20I # 2713,14.0,175.0,71.43,4.0,9,2,14
United States of America Vs West Indies,United States of America,11,Saurabh Netravalkar,0,4,0,0,0.0,out,T20I # 2713,0.0,0.0,0.0,2.0,11,2,0
United States of America Vs West Indies,West Indies,1,Shai Hope,82,39,4,8,210.25,not out,T20I # 2713,53.5,187.72,71.03,19.0,1,3,107
United States of America Vs West Indies,West Indies,2,Johnson Charles,15,14,2,0,107.14,out,T20I # 2713,23.33,113.82,64.29,20.0,2,6,140
United States of America Vs West Indies,West Indies,3,Nicholas Pooran,27,12,1,3,225.0,not out,T20I # 2713,38.0,146.15,71.05,22.0,3,7,228
South Africa Vs England,South Africa,1,Reeza Hendricks,19,25,1,0,76.0,out,T20I # 2712,14.12,87.6,54.87,14.0,2,9,113
South Africa Vs England,South Africa,2,Quinton de Kock,65,38,4,4,171.05,out,T20I # 2712,27.0,140.46,66.67,19.0,1,9,243
South Africa Vs England,South Africa,3,Heinrich Klaasen,8,13,1,0,61.53,out,T20I # 2712,31.67,126.67,60.0,19.0,5,8,190
South Africa Vs England,South Africa,4,David Miller,43,28,4,2,153.57,out,T20I # 2712,28.17,102.42,52.07,21.0,6,8,169
South Africa Vs England,South Africa,5,Aiden Markram,1,2,0,0,50.0,out,T20I # 2712,15.38,100.82,55.28,14.0,3,9,123
South Africa Vs England,South Africa,6,Tristan Stubbs,12,11,1,0,109.09,not out,T20I # 2712,33.0,101.23,42.42,20.0,4,8,165
South Africa Vs England,South Africa,7,Marco Jansen,0,1,0,0,0.0,out,T20I # 2712,8.0,96.97,31.25,6.0,7,6,32
South Africa Vs England,South Africa,8,Keshav Maharaj,5,2,1,0,250.0,not out,T20I # 2712,13.0,54.17,30.77,5.0,8,5,13
South Africa Vs England,England,1,Phil Salt,11,8,1,1,137.5,out,T20I # 2712,37.6,159.32,65.96,17.0,1,7,188
South Africa Vs England,England,2,Jos Buttler,17,20,1,0,85.0,out,T20I # 2712,42.8,158.52,69.16,19.0,2,7,214
South Africa Vs England,England,3,Jonny Bairstow,16,20,1,0,80.0,out,T20I # 2712,27.5,134.15,61.82,14.0,4,6,110
South Africa Vs England,England,4,Moeen Ali,9,10,0,0,90.0,out,T20I # 2712,14.2,139.22,53.52,10.0,3,5,71
South Africa Vs England,England,5,Harry Brook,53,37,7,0,143.24,out,T20I # 2712,72.5,157.61,52.41,23.0,5,4,145
South Africa Vs England,England,6,Liam Livingstone,33,17,3,2,194.11,out,T20I # 2712,18.0,146.94,58.33,12.0,6,4,72
South Africa Vs England,England,7,Sam Curran,10,7,1,0,142.85,not out,T20I # 2712,12.0,109.09,33.33,6.0,7,2,12
South Africa Vs England,England,8,Jofra Archer,1,2,0,0,50.0,not out,T20I # 2712,22.0,129.41,72.73,8.0,8,2,22
Bangladesh Vs Australia,Bangladesh,1,Tanzid Hasan,0,3,0,0,0.0,out,T20I # 2711,10.86,96.2,65.79,11.0,1,7,76
Bangladesh Vs Australia,Bangladesh,2,Litton Das,16,25,2,0,64.0,out,T20I # 2711,23.17,93.29,47.48,21.0,3,7,139
Bangladesh Vs Australia,Bangladesh,3,Najmul Hossain Shanto,41,36,5,1,113.88,out,T20I # 2711,16.0,95.73,51.79,17.0,3,7,112
Bangladesh Vs Australia,Bangladesh,4,Rishad Hossain,2,4,0,0,50.0,out,T20I # 2711,8.0,153.85,80.0,4.0,8,6,40
Bangladesh Vs Australia,Bangladesh,5,Towhid Hridoy,40,28,2,2,142.85,out,T20I # 2711,21.86,128.57,54.9,17.0,5,7,153
Bangladesh Vs Australia,Bangladesh,6,Shakib Al Hasan,8,10,0,0,80.0,out,T20I # 2711,18.5,106.73,48.65,15.0,4,7,111
Bangladesh Vs Australia,Bangladesh,7,Mahmudullah,2,3,0,0,66.66,out,T20I # 2711,15.83,94.06,52.63,14.0,6,7,95
Bangladesh Vs Australia,Bangladesh,8,Mahedi Hasan,0,1,0,0,0.0,out,T20I # 2711,5.0,100.0,80.0,2.0,8,2,5
Bangladesh Vs Australia,Bangladesh,9,Taskin Ahmed,13,7,1,0,185.71,not out,T20I # 2711,14.0,84.85,42.86,7.0,9,5,28
Bangladesh Vs Australia,Bangladesh,10,Tanzim Hasan Sakib,4,3,0,0,133.33,not out,T20I # 2711,6.0,52.17,0.0,5.0,10,5,12
Bangladesh Vs Australia,Australia,1,David Warner,53,35,5,3,151.42,not out,T20I # 2711,29.67,139.06,68.54,18.0,1,7,178
Bangladesh Vs Australia,Australia,2,Travis Head,31,21,3,2,147.61,out,T20I # 2711,42.5,158.39,76.08,23.0,2,7,255
Bangladesh Vs Australia,Australia,3,Mitchell Marsh,1,6,0,0,16.66,out,T20I # 2711,20.83,116.82,65.6,15.0,3,7,125
Bangladesh Vs Australia,Australia,4,Glenn Maxwell,14,6,1,1,233.33,not out,T20I # 2711,26.4,141.94,68.18,16.0,4,6,132
India Vs Afghanistan,India,1,Rohit Sharma,8,13,1,0,61.53,out,T20I # 2710,36.71,156.71,72.37,20.0,1,8,257
India Vs Afghanistan,India,2,Virat Kohli,24,24,0,1,100.0,out,T20I # 2710,18.88,112.69,49.01,17.0,2,8,151
India Vs Afghanistan,India,3,Rishabh Pant,20,11,4,0,181.81,out,T20I # 2710,24.43,127.61,65.5,17.0,3,8,171
India Vs Afghanistan,India,4,Suryakumar Yadav,53,28,5,3,189.28,out,T20I # 2710,28.43,135.37,60.3,18.0,4,8,199
India Vs Afghanistan,India,5,Shivam Dube,10,7,0,1,142.85,out,T20I # 2710,22.17,114.66,49.62,14.0,5,8,133
India Vs Afghanistan,India,6,Hardik Pandya,32,24,3,2,133.33,out,T20I # 2710,48.0,151.58,68.06,16.0,6,6,144
India Vs Afghanistan,India,7,Ravindra Jadeja,7,5,1,0,140.0,out,T20I # 2710,11.67,159.09,51.43,4.0,8,5,35
India Vs Afghanistan,India,8,Axar Patel,12,6,2,0,200.0,out,T20I # 2710,23.0,139.39,60.87,13.0,8,5,92
India Vs Afghanistan,India,9,Arshdeep Singh,2,2,0,0,100.0,not out,T20I # 2710,12.0,75.0,33.33,5.0,9,3,12
India Vs Afghanistan,Afghanistan,1,Rahmanullah Gurbaz,11,8,1,1,137.5,out,T20I # 2710,35.12,124.34,59.79,28.0,1,8,281
India Vs Afghanistan,Afghanistan,2,Hazratullah Zazai,2,4,0,0,50.0,out,T20I # 2710,2.0,50.0,0.0,4.0,2,1,2
India Vs Afghanistan,Afghanistan,3,Ibrahim Zadran,8,11,1,0,72.72,out,T20I # 2710,28.88,107.44,53.68,27.0,2,8,231
India Vs Afghanistan,Afghanistan,4,Gulbadin Naib,17,21,1,1,80.95,out,T20I # 2710,12.86,104.65,60.0,11.0,3,8,90
India Vs Afghanistan,Afghanistan,5,Azmatullah Omarzai,26,20,2,1,130.0,out,T20I # 2710,13.88,108.82,46.85,13.0,4,8,111
India Vs Afghanistan,Afghanistan,6,Najibullah Zadran,19,17,0,2,111.76,out,T20I # 2710,7.33,95.65,54.55,6.0,5,4,22
India Vs Afghanistan,Afghanistan,7,Mohammad Nabi,14,14,0,1,100.0,out,T20I # 2710,11.2,80.0,32.14,9.0,5,8,56
India Vs Afghanistan,Afghanistan,8,Rashid Khan,2,6,0,0,33.33,out,T20I # 2710,11.4,123.91,77.19,7.0,8,7,57
India Vs Afghanistan,Afghanistan,9,Noor Ahmad,12,18,1,1,66.66,out,T20I # 2710,4.67,58.33,71.43,8.0,9,3,14
India Vs Afghanistan,Afghanistan,10,Naveen-ul-Haq,0,1,0,0,0.0,out,T20I # 2710,2.0,40.0,66.67,5.0,10,3,6
India Vs Afghanistan,Afghanistan,11,Fazalhaq Farooqi,4,1,1,0,400.0,not out,T20I # 2710,6.0,120.0,66.67,2.0,11,3,6
West Indies Vs England,West Indies,1,Brandon King,23,13,3,1,176.92,not out,T20I # 2709,21.5,126.47,74.42,14.0,1,5,86
West Indies Vs England,West Indies,2,Johnson Charles,38,34,4,1,111.76,out,T20I # 2709,23.33,113.82,64.29,20.0,2,6,140
West Indies Vs England,West Indies,3,Nicholas Pooran,36,32,4,1,112.5,out,T20I # 2709,38.0,146.15,71.05,22.0,3,7,228
West Indies Vs England,West Indies,4,Rovman Powell,36,17,0,5,211.76,out,T20I # 2709,17.0,143.66,62.75,12.0,5,6,102
West Indies Vs England,West Indies,5,Andre Russell,1,2,0,0,50.0,out,T20I # 2709,26.0,165.96,71.79,8.0,6,6,78
West Indies Vs England,West Indies,6,Sherfane Rutherford,28,15,1,2,186.66,not out,T20I # 2709,40.33,147.56,61.16,14.0,6,6,121
West Indies Vs England,West Indies,7,Romario Shepherd,5,7,1,0,71.42,not out,T20I # 2709,23.0,92.0,43.48,8.0,7,3,23
West Indies Vs England,England,1,Phil Salt,87,47,7,5,185.1,not out,T20I # 2709,37.6,159.32,65.96,17.0,1,7,188
West Indies Vs England,England,2,Jos Buttler,25,22,2,0,113.63,out,T20I # 2709,42.8,158.52,69.16,19.0,2,7,214
West Indies Vs England,England,3,Moeen Ali,13,10,2,0,130.0,out,T20I # 2709,14.2,139.22,53.52,10.0,3,5,71
West Indies Vs England,England,4,Jonny Bairstow,48,26,5,2,184.61,not out,T20I # 2709,27.5,134.15,61.82,14.0,4,6,110
South Africa Vs United States of America,South Africa,1,Quinton de Kock,74,40,7,5,185.0,out,T20I # 2708,27.0,140.46,66.67,19.0,1,9,243
South Africa Vs United States of America,South Africa,2,Reeza Hendricks,11,11,0,1,100.0,out,T20I # 2708,14.12,87.6,54.87,14.0,2,9,113
South Africa Vs United States of America,South Africa,3,Aiden Markram,46,32,4,1,143.75,out,T20I # 2708,15.38,100.82,55.28,14.0,3,9,123
South Africa Vs United States of America,South Africa,4,David Miller,0,1,0,0,0.0,out,T20I # 2708,28.17,102.42,52.07,21.0,6,8,169
South Africa Vs United States of America,South Africa,5,Heinrich Klaasen,36,22,0,3,163.63,not out,T20I # 2708,31.67,126.67,60.0,19.0,5,8,190
South Africa Vs United States of America,South Africa,6,Tristan Stubbs,20,16,2,0,125.0,not out,T20I # 2708,33.0,101.23,42.42,20.0,4,8,165
South Africa Vs United States of America,United States of America,1,Steven Taylor,24,14,4,1,171.42,out,T20I # 2708,12.33,90.24,62.16,14.0,1,6,74
South Africa Vs United States of America,United States of America,2,Andries Gous,80,47,5,5,170.21,not out,T20I # 2708,43.8,151.03,66.67,24.0,2,6,219
South Africa Vs United States of America,United States of America,3,Nitish Kumar,8,6,0,1,133.33,out,T20I # 2708,24.75,115.12,48.48,17.0,3,5,99
South Africa Vs United States of America,United States of America,4,Aaron Jones,0,5,0,0,0.0,out,T20I # 2708,40.5,135.0,71.6,20.0,4,6,162
South Africa Vs United States of America,United States of America,5,Corey Anderson,12,12,0,1,100.0,out,T20I # 2708,16.5,91.67,33.33,14.0,5,5,66
South Africa Vs United States of America,United States of America,6,Shayan Jahangir,3,9,0,0,33.33,out,T20I # 2708,1.5,30.0,0.0,5.0,1,2,3
South Africa Vs United States of America,United States of America,7,Harmeet Singh,38,22,2,3,172.72,out,T20I # 2708,17.25,138.0,66.67,12.0,7,4,69
South Africa Vs United States of America,United States of America,8,Jasdeep Singh,2,6,0,0,33.33,not out,T20I # 2708,4.0,30.77,0.0,6.0,8,2,4
West Indies Vs Afghanistan,West Indies,1,Brandon King,7,6,1,0,116.66,out,T20I # 2703,21.5,126.47,74.42,14.0,1,5,86
West Indies Vs Afghanistan,West Indies,2,Johnson Charles,43,27,8,0,159.25,out,T20I # 2703,23.33,113.82,64.29,20.0,2,6,140
West Indies Vs Afghanistan,West Indies,3,Nicholas Pooran,98,53,6,8,184.9,out,T20I # 2703,38.0,146.15,71.05,22.0,3,7,228
West Indies Vs Afghanistan,West Indies,4,Shai Hope,25,17,0,2,147.05,out,T20I # 2703,53.5,187.72,71.03,19.0,1,3,107
West Indies Vs Afghanistan,West Indies,5,Rovman Powell,26,15,1,2,173.33,out,T20I # 2703,17.0,143.66,62.75,12.0,5,6,102
West Indies Vs Afghanistan,West Indies,6,Andre Russell,3,3,0,0,100.0,not out,T20I # 2703,26.0,165.96,71.79,8.0,6,6,78
West Indies Vs Afghanistan,West Indies,7,Sherfane Rutherford,1,1,0,0,100.0,not out,T20I # 2703,40.33,147.56,61.16,14.0,6,6,121
West Indies Vs Afghanistan,Afghanistan,1,Rahmanullah Gurbaz,0,3,0,0,0.0,out,T20I # 2703,35.12,124.34,59.79,28.0,1,8,281
West Indies Vs Afghanistan,Afghanistan,2,Ibrahim Zadran,38,28,5,1,135.71,out,T20I # 2703,28.88,107.44,53.68,27.0,2,8,231
West Indies Vs Afghanistan,Afghanistan,3,Gulbadin Naib,7,10,1,0,70.0,out,T20I # 2703,12.86,104.65,60.0,11.0,3,8,90
West Indies Vs Afghanistan,Afghanistan,4,Azmatullah Omarzai,23,19,1,1,121.05,out,T20I # 2703,13.88,108.82,46.85,13.0,4,8,111
West Indies Vs Afghanistan,Afghanistan,5,Najibullah Zadran,0,2,0,0,0.0,out,T20I # 2703,7.33,95.65,54.55,6.0,5,4,22
West Indies Vs Afghanistan,Afghanistan,6,Mohammad Nabi,1,4,0,0,25.0,out,T20I # 2703,11.2,80.0,32.14,9.0,5,8,56
West Indies Vs Afghanistan,Afghanistan,7,Karim Janat,14,9,0,1,155.55,out,T20I # 2703,14.33,113.16,46.51,8.0,6,5,43
West Indies Vs Afghanistan,Afghanistan,8,Rashid Khan,18,11,2,1,163.63,out,T20I # 2703,11.4,123.91,77.19,7.0,8,7,57
West Indies Vs Afghanistan,Afghanistan,9,Noor Ahmad,2,4,0,0,50.0,out,T20I # 2703,4.67,58.33,71.43,8.0,9,3,14
West Indies Vs Afghanistan,Afghanistan,10,Naveen-ul-Haq,4,6,1,0,66.66,out,T20I # 2703,2.0,40.0,66.67,5.0,10,3,6
West Indies Vs Afghanistan,Afghanistan,11,Fazalhaq Farooqi,0,2,0,0,0.0,not out,T20I # 2703,6.0,120.0,66.67,2.0,11,3,6
Papua New Guinea Vs New Zealand,Papua New Guinea,1,Tony Ura,1,2,0,0,50.0,out,T20I # 2702,4.0,51.61,25.0,8.0,1,4,16
Papua New Guinea Vs New Zealand,Papua New Guinea,2,Assad Vala,6,16,1,0,37.5,out,T20I # 2702,7.5,71.43,60.0,10.0,2,4,30
Papua New Guinea Vs New Zealand,Papua New Guinea,3,Charles Amini,17,25,2,0,68.0,out,T20I # 2702,11.33,64.15,23.53,18.0,6,3,34
Papua New Guinea Vs New Zealand,Papua New Guinea,4,Sese Bau,12,27,1,0,44.44,out,T20I # 2702,16.75,83.75,56.72,20.0,4,4,67
Papua New Guinea Vs New Zealand,Papua New Guinea,5,Hiri Hiri,7,11,1,0,63.63,out,T20I # 2702,6.25,64.1,48.0,10.0,5,4,25
Papua New Guinea Vs New Zealand,Papua New Guinea,6,Chad Soper,1,6,0,0,16.66,out,T20I # 2702,6.0,46.15,16.67,13.0,6,4,24
Papua New Guinea Vs New Zealand,Papua New Guinea,7,Kiplin Doriga,5,7,1,0,71.42,out,T20I # 2702,23.67,92.21,42.25,19.0,7,4,71
Papua New Guinea Vs New Zealand,Papua New Guinea,8,Norman Vanua,14,13,1,1,107.69,out,T20I # 2702,6.33,63.33,52.63,10.0,8,3,19
Papua New Guinea Vs New Zealand,Papua New Guinea,9,Alei Nao,3,7,0,0,42.85,out,T20I # 2702,5.25,65.62,38.1,8.0,9,4,21
Papua New Guinea Vs New Zealand,Papua New Guinea,10,Kabua Morea,0,3,0,0,0.0,out,T20I # 2702,2.0,40.0,0.0,2.0,10,2,2
Papua New Guinea Vs New Zealand,Papua New Guinea,11,Semo Kamea,1,1,0,0,100.0,not out,T20I # 2702,3.0,75.0,0.0,2.0,11,2,3
Papua New Guinea Vs New Zealand,New Zealand,1,Finn Allen,0,2,0,0,0.0,out,T20I # 2702,8.75,81.4,62.86,11.0,1,4,35
Papua New Guinea Vs New Zealand,New Zealand,2,Devon Conway,35,32,2,3,109.37,out,T20I # 2702,23.33,107.69,65.71,16.0,2,4,70
Papua New Guinea Vs New Zealand,New Zealand,3,Rachin Ravindra,6,11,0,0,54.54,out,T20I # 2702,8.5,68.0,0.0,8.0,3,3,17
Papua New Guinea Vs New Zealand,New Zealand,4,Kane Williamson,18,17,2,0,105.88,not out,T20I # 2702,14.0,87.5,42.86,11.0,4,3,28
Papua New Guinea Vs New Zealand,New Zealand,5,Daryl Mitchell,19,12,3,0,158.33,not out,T20I # 2702,18.0,120.0,55.56,10.0,5,3,36
Sri Lanka Vs Netherlands,Sri Lanka,1,Pathum Nissanka,0,2,0,0,0.0,out,T20I # 2699,16.67,131.58,68.0,13.0,1,3,50
Sri Lanka Vs Netherlands,Sri Lanka,2,Kusal Mendis,46,29,5,0,158.62,out,T20I # 2699,25.0,111.94,42.67,22.0,2,3,75
Sri Lanka Vs Netherlands,Sri Lanka,3,Kamindu Mendis,17,20,1,1,85.0,out,T20I # 2699,10.67,80.0,56.25,13.0,3,3,32
Sri Lanka Vs Netherlands,Sri Lanka,4,Dhananjaya de Silva,34,26,3,1,130.76,out,T20I # 2699,27.5,105.77,40.0,26.0,4,2,55
Sri Lanka Vs Netherlands,Sri Lanka,5,Charith Asalanka,46,21,1,5,219.04,out,T20I # 2699,23.67,139.22,56.34,17.0,5,3,71
Sri Lanka Vs Netherlands,Sri Lanka,6,Angelo Mathews,30,15,1,2,200.0,not out,T20I # 2699,31.0,124.0,51.61,17.0,7,3,62
Sri Lanka Vs Netherlands,Sri Lanka,7,Dasun Shanaka,0,1,0,0,0.0,out,T20I # 2699,4.0,66.67,50.0,6.0,8,3,12
Sri Lanka Vs Netherlands,Sri Lanka,8,Wanindu Hasaranga,20,6,1,2,333.33,not out,T20I # 2699,10.0,222.22,80.0,3.0,8,3,20
Sri Lanka Vs Netherlands,Netherlands,1,Michael Levitt,31,23,2,3,134.78,out,T20I # 2699,12.5,111.11,80.0,11.0,1,4,50
Sri Lanka Vs Netherlands,Netherlands,2,Max O'Dowd,11,8,0,1,137.5,out,T20I # 2699,26.33,101.28,50.63,20.0,2,4,79
Sri Lanka Vs Netherlands,Netherlands,3,Vikramjit Singh,7,10,0,0,70.0,out,T20I # 2699,16.75,94.37,56.72,18.0,3,4,67
Sri Lanka Vs Netherlands,Netherlands,4,Sybrand Engelbrecht,11,9,0,1,122.22,out,T20I # 2699,24.5,106.52,42.86,23.0,4,4,98
Sri Lanka Vs Netherlands,Netherlands,5,Scott Edwards,31,24,2,1,129.16,out,T20I # 2699,17.75,110.94,45.07,16.0,5,4,71
Sri Lanka Vs Netherlands,Netherlands,6,Bas de Leede,3,5,0,0,60.0,out,T20I # 2699,6.67,60.61,20.0,8.0,6,4,20
Sri Lanka Vs Netherlands,Netherlands,7,Logan van Beek,0,1,0,0,0.0,out,T20I # 2699,8.33,96.15,48.0,9.0,7,3,25
Sri Lanka Vs Netherlands,Netherlands,8,Tim Pringle,2,4,0,0,50.0,out,T20I # 2699,1.0,18.75,0.0,5.0,8,3,3
Sri Lanka Vs Netherlands,Netherlands,9,Aryan Dutt,10,8,1,0,125.0,out,T20I # 2699,25.0,125.0,56.0,10.0,9,2,25
Sri Lanka Vs Netherlands,Netherlands,10,Paul van Meekeren,3,8,0,0,37.5,out,T20I # 2699,4.0,44.44,0.0,4.0,10,2,4
Sri Lanka Vs Netherlands,Netherlands,11,Vivian Kingma,1,1,0,0,100.0,not out,T20I # 2699,1.0,100.0,0.0,1.0,11,1,1
Bangladesh Vs Nepal,Bangladesh,1,Tanzid Hasan,0,1,0,0,0.0,out,T20I # 2698,10.86,96.2,65.79,11.0,1,7,76
Bangladesh Vs Nepal,Bangladesh,2,Litton Das,10,12,1,0,83.33,out,T20I # 2698,23.17,93.29,47.48,21.0,3,7,139
Bangladesh Vs Nepal,Bangladesh,3,Najmul Hossain Shanto,4,5,0,0,80.0,out,T20I # 2698,16.0,95.73,51.79,17.0,3,7,112
Bangladesh Vs Nepal,Bangladesh,4,Shakib Al Hasan,17,22,2,0,77.27,out,T20I # 2698,18.5,106.73,48.65,15.0,4,7,111
Bangladesh Vs Nepal,Bangladesh,5,Towhid Hridoy,9,7,2,0,128.57,out,T20I # 2698,21.86,128.57,54.9,17.0,5,7,153
Bangladesh Vs Nepal,Bangladesh,6,Mahmudullah,13,13,2,0,100.0,out,T20I # 2698,15.83,94.06,52.63,14.0,6,7,95
Bangladesh Vs Nepal,Bangladesh,7,Jaker Ali,12,26,0,0,46.15,out,T20I # 2698,11.67,76.09,34.29,12.0,7,4,35
Bangladesh Vs Nepal,Bangladesh,8,Tanzim Hasan Sakib,3,5,0,0,60.0,out,T20I # 2698,6.0,52.17,0.0,5.0,10,5,12
Bangladesh Vs Nepal,Bangladesh,9,Rishad Hossain,13,7,1,1,185.71,out,T20I # 2698,8.0,153.85,80.0,4.0,8,6,40
Bangladesh Vs Nepal,Bangladesh,10,Taskin Ahmed,12,15,2,0,80.0,not out,T20I # 2698,14.0,84.85,42.86,7.0,9,5,28
Bangladesh Vs Nepal,Bangladesh,11,Mustafizur Rahman,3,4,0,0,75.0,out,T20I # 2698,1.5,60.0,0.0,2.0,11,2,3
Bangladesh Vs Nepal,Nepal,1,Kushal Bhurtel,4,8,1,0,50.0,out,T20I # 2698,8.0,61.54,75.0,13.0,1,3,24
Bangladesh Vs Nepal,Nepal,2,Aasif Sheikh,17,14,4,0,121.42,out,T20I # 2698,21.0,88.73,66.67,24.0,2,3,63
Bangladesh Vs Nepal,Nepal,3,Anil Sah,0,2,0,0,0.0,out,T20I # 2698,12.67,100.0,68.42,13.0,3,3,38
Bangladesh Vs Nepal,Nepal,4,Rohit Paudel,1,6,0,0,16.66,out,T20I # 2698,12.0,80.0,55.56,15.0,4,3,36
Bangladesh Vs Nepal,Nepal,5,Sundeep Jora,1,8,0,0,12.5,out,T20I # 2698,1.0,12.5,0.0,8.0,5,1,1
Bangladesh Vs Nepal,Nepal,6,Kushal Malla,27,40,1,1,67.5,out,T20I # 2698,12.33,71.15,37.84,17.0,6,3,37
Bangladesh Vs Nepal,Nepal,7,Dipendra Singh Airee,25,31,2,1,80.64,out,T20I # 2698,10.67,66.67,43.75,16.0,7,3,32
Bangladesh Vs Nepal,Nepal,8,Gulsan Jha,0,4,0,0,0.0,out,T20I # 2698,6.67,80.0,50.0,8.0,8,3,20
Bangladesh Vs Nepal,Nepal,9,Sompal Kami,0,2,0,0,0.0,out,T20I # 2698,4.0,72.73,75.0,4.0,9,3,8
Bangladesh Vs Nepal,Nepal,10,Sandeep Lamichhane,0,0,0,0,,not out,T20I # 2698,0.0,,0.0,0.0,10,1,0
Bangladesh Vs Nepal,Nepal,11,Abinash Bohara,0,1,0,0,0.0,out,T20I # 2698,0.0,0.0,0.0,1.0,11,2,0
Ireland Vs Pakistan,Ireland,1,Andy Balbirnie,0,3,0,0,0.0,out,T20I # 2697,7.33,68.75,36.36,11.0,1,3,22
Ireland Vs Pakistan,Ireland,2,Paul Stirling,1,2,0,0,50.0,out,T20I # 2697,4.0,48.0,33.33,8.0,2,3,12
Ireland Vs Pakistan,Ireland,3,Lorcan Tucker,2,2,0,0,100.0,out,T20I # 2697,7.33,73.33,36.36,10.0,3,3,22
Ireland Vs Pakistan,Ireland,4,Harry Tector,0,6,0,0,0.0,out,T20I # 2697,3.67,40.74,0.0,9.0,4,3,11
Ireland Vs Pakistan,Ireland,5,Curtis Campher,7,14,1,0,50.0,out,T20I # 2697,7.67,79.31,60.87,10.0,5,3,23
Ireland Vs Pakistan,Ireland,6,George Dockrell,11,10,2,0,110.0,out,T20I # 2697,22.0,115.79,50.0,13.0,6,3,44
Ireland Vs Pakistan,Ireland,7,Gareth Delany,31,19,1,3,163.15,out,T20I # 2697,20.0,150.0,70.0,13.0,7,3,60
Ireland Vs Pakistan,Ireland,8,Mark Adair,15,19,2,0,78.94,out,T20I # 2697,17.33,115.56,50.0,15.0,8,3,52
Ireland Vs Pakistan,Ireland,9,Barry McCarthy,2,7,0,0,28.57,out,T20I # 2697,2.0,25.0,0.0,5.0,9,3,4
Ireland Vs Pakistan,Ireland,10,Josh Little,22,18,2,1,122.22,not out,T20I # 2697,36.0,116.13,61.11,16.0,10,2,36
Ireland Vs Pakistan,Ireland,11,Ben White,5,20,0,0,25.0,not out,T20I # 2697,7.0,29.17,0.0,12.0,11,2,7
Ireland Vs Pakistan,Pakistan,1,Mohammad Rizwan,17,16,2,0,106.25,out,T20I # 2697,36.67,90.91,34.55,30.0,1,4,110
Ireland Vs Pakistan,Pakistan,2,Saim Ayub,17,17,2,1,100.0,out,T20I # 2697,11.5,79.31,60.87,14.0,2,2,23
Ireland Vs Pakistan,Pakistan,3,Babar Azam,32,34,2,0,94.11,not out,T20I # 2697,40.67,101.67,40.98,30.0,2,4,122
Ireland Vs Pakistan,Pakistan,4,Fakhar Zaman,5,9,0,0,55.55,out,T20I # 2697,8.25,110.0,48.48,8.0,4,4,33
Ireland Vs Pakistan,Pakistan,5,Usman Khan,2,3,0,0,66.66,out,T20I # 2697,6.67,90.91,20.0,6.0,5,4,20
Ireland Vs Pakistan,Pakistan,6,Shadab Khan,0,2,0,0,0.0,out,T20I # 2697,14.67,129.41,50.0,11.0,6,3,44
Ireland Vs Pakistan,Pakistan,7,Imad Wasim,4,6,1,0,66.66,out,T20I # 2697,9.5,65.52,42.11,14.0,5,2,19
Ireland Vs Pakistan,Pakistan,8,Abbas Afridi,17,21,1,1,80.95,out,T20I # 2697,17.0,80.95,58.82,21.0,8,1,17
Ireland Vs Pakistan,Pakistan,9,Shaheen Shah Afridi,13,5,0,2,260.0,not out,T20I # 2697,36.0,163.64,77.78,7.0,8,3,36
Scotland Vs Australia,Scotland,1,George Munsey,35,23,2,3,152.17,out,T20I # 2689,41.33,139.33,69.35,22.0,1,4,124
Scotland Vs Australia,Scotland,2,Michael Jones,2,3,0,0,66.66,out,T20I # 2689,29.67,134.85,69.66,16.0,2,4,89
Scotland Vs Australia,Scotland,3,Brandon McMullen,60,34,2,6,176.47,out,T20I # 2689,70.0,170.73,71.43,27.0,3,3,140
Scotland Vs Australia,Scotland,4,Richie Berrington,42,31,1,2,135.48,not out,T20I # 2689,102.0,139.73,45.1,24.0,4,3,102
Scotland Vs Australia,Scotland,5,Matthew Cross,18,11,1,1,163.63,out,T20I # 2689,18.0,150.0,61.11,8.0,5,3,36
Scotland Vs Australia,Scotland,6,Michael Leask,5,8,0,0,62.5,out,T20I # 2689,20.0,160.0,60.0,12.0,6,2,40
Scotland Vs Australia,Scotland,7,Chris Greaves,9,10,0,0,90.0,not out,T20I # 2689,13.0,100.0,0.0,6.0,7,2,13
Scotland Vs Australia,Australia,1,Travis Head,68,49,5,4,138.77,out,T20I # 2689,42.5,158.39,76.08,23.0,2,7,255
Scotland Vs Australia,Australia,2,David Warner,1,4,0,0,25.0,out,T20I # 2689,29.67,139.06,68.54,18.0,1,7,178
Scotland Vs Australia,Australia,3,Mitchell Marsh,8,9,1,0,88.88,out,T20I # 2689,20.83,116.82,65.6,15.0,3,7,125
Scotland Vs Australia,Australia,4,Glenn Maxwell,11,8,0,1,137.5,out,T20I # 2689,26.4,141.94,68.18,16.0,4,6,132
Scotland Vs Australia,Australia,5,Marcus Stoinis,59,29,9,2,203.44,out,T20I # 2689,42.25,164.08,68.64,21.0,5,5,169
Scotland Vs Australia,Australia,6,Tim David,24,14,2,1,171.42,not out,T20I # 2689,15.25,148.78,62.3,8.0,6,5,61
Scotland Vs Australia,Australia,7,Matthew Wade,4,5,0,0,80.0,not out,T20I # 2689,13.5,112.5,44.44,6.0,7,4,27
England Vs Namibia,England,1,Phil Salt,11,8,2,0,137.5,out,T20I # 2688,37.6,159.32,65.96,17.0,1,7,188
England Vs Namibia,England,2,Jos Buttler,0,4,0,0,0.0,out,T20I # 2688,42.8,158.52,69.16,19.0,2,7,214
England Vs Namibia,England,3,Jonny Bairstow,31,18,3,2,172.22,out,T20I # 2688,27.5,134.15,61.82,14.0,4,6,110
England Vs Namibia,England,4,Harry Brook,47,20,4,2,235.0,not out,T20I # 2688,72.5,157.61,52.41,23.0,5,4,145
England Vs Namibia,England,5,Moeen Ali,16,6,0,2,266.66,out,T20I # 2688,14.2,139.22,53.52,10.0,3,5,71
England Vs Namibia,England,6,Liam Livingstone,13,4,0,2,325.0,out,T20I # 2688,18.0,146.94,58.33,12.0,6,4,72
England Vs Namibia,Namibia,1,Michael van Lingen,33,29,1,3,113.79,out,T20I # 2688,14.33,104.88,69.77,14.0,1,3,43
England Vs Namibia,Namibia,2,Nikolaas Davin,18,16,1,1,112.5,out,T20I # 2688,16.0,96.97,62.5,16.0,2,4,64
England Vs Namibia,Namibia,3,David Wiese,27,12,2,2,225.0,out,T20I # 2688,17.0,127.5,62.75,10.0,7,4,51
England Vs Namibia,Namibia,4,Gerhard Erasmus,1,3,0,0,33.33,not out,T20I # 2688,34.0,109.68,56.86,23.0,4,4,102
England Vs Namibia,Namibia,5,JJ Smit,0,1,0,0,0.0,not out,T20I # 2688,7.33,73.33,45.45,8.0,5,4,22
Uganda Vs New Zealand,Uganda,1,Ronak Patel,2,20,0,0,10.0,out,T20I # 2682,3.0,27.27,66.67,11.0,1,2,6
Uganda Vs New Zealand,Uganda,2,Simon Ssesazi,0,1,0,0,0.0,out,T20I # 2682,2.25,81.82,88.89,3.0,2,4,9
Uganda Vs New Zealand,Uganda,3,Robinson Obuya,0,1,0,0,0.0,out,T20I # 2682,5.25,58.33,47.62,9.0,3,4,21
Uganda Vs New Zealand,Uganda,4,Alpesh Ramjani,0,6,0,0,0.0,out,T20I # 2682,3.25,54.17,61.54,6.0,4,4,13
Uganda Vs New Zealand,Uganda,5,Kenneth Waiswa,11,18,2,0,61.11,out,T20I # 2682,9.5,43.18,42.11,15.0,5,3,19
Uganda Vs New Zealand,Uganda,6,Riazat Ali Shah,2,13,0,0,15.38,out,T20I # 2682,12.25,44.14,8.16,28.0,4,4,49
Uganda Vs New Zealand,Uganda,7,Dinesh Nakrani,4,13,0,0,30.76,out,T20I # 2682,2.5,38.46,40.0,6.0,7,4,10
Uganda Vs New Zealand,Uganda,8,Brian Masaba,3,20,0,0,15.0,not out,T20I # 2682,2.0,15.38,0.0,6.0,8,4,4
Uganda Vs New Zealand,Uganda,9,Fred Achelam,9,13,1,0,69.23,out,T20I # 2682,9.0,69.23,44.44,13.0,9,1,9
Uganda Vs New Zealand,Uganda,10,Juma Miyagi,0,1,0,0,0.0,out,T20I # 2682,13.0,70.27,0.0,12.0,7,3,26
Uganda Vs New Zealand,Uganda,11,Cosmas Kyewuta,1,6,0,0,16.66,out,T20I # 2682,2.0,28.57,0.0,5.0,10,3,4
Uganda Vs New Zealand,New Zealand,1,Finn Allen,9,17,1,0,52.94,out,T20I # 2682,8.75,81.4,62.86,11.0,1,4,35
Uganda Vs New Zealand,New Zealand,2,Devon Conway,22,15,4,0,146.66,not out,T20I # 2682,23.33,107.69,65.71,16.0,2,4,70
Uganda Vs New Zealand,New Zealand,3,Rachin Ravindra,1,1,0,0,100.0,not out,T20I # 2682,8.5,68.0,0.0,8.0,3,3,17
South Africa Vs Nepal,South Africa,1,Reeza Hendricks,43,49,5,1,87.75,out,T20I # 2681,14.12,87.6,54.87,14.0,2,9,113
South Africa Vs Nepal,South Africa,2,Quinton de Kock,10,11,1,0,90.9,out,T20I # 2681,27.0,140.46,66.67,19.0,1,9,243
South Africa Vs Nepal,South Africa,3,Aiden Markram,15,22,2,0,68.18,out,T20I # 2681,15.38,100.82,55.28,14.0,3,9,123
South Africa Vs Nepal,South Africa,4,Heinrich Klaasen,3,5,0,0,60.0,out,T20I # 2681,31.67,126.67,60.0,19.0,5,8,190
South Africa Vs Nepal,South Africa,5,David Miller,7,10,0,0,70.0,out,T20I # 2681,28.17,102.42,52.07,21.0,6,8,169
South Africa Vs Nepal,South Africa,6,Tristan Stubbs,27,18,2,1,150.0,not out,T20I # 2681,33.0,101.23,42.42,20.0,4,8,165
South Africa Vs Nepal,South Africa,7,Marco Jansen,1,4,0,0,25.0,out,T20I # 2681,8.0,96.97,31.25,6.0,7,6,32
South Africa Vs Nepal,South Africa,8,Kagiso Rabada,0,1,0,0,0.0,out,T20I # 2681,4.5,128.57,88.89,2.0,9,3,9
South Africa Vs Nepal,Nepal,1,Kushal Bhurtel,13,21,1,1,61.9,out,T20I # 2681,8.0,61.54,75.0,13.0,1,3,24
South Africa Vs Nepal,Nepal,2,Aasif Sheikh,42,49,4,1,85.71,out,T20I # 2681,21.0,88.73,66.67,24.0,2,3,63
South Africa Vs Nepal,Nepal,3,Rohit Paudel,0,2,0,0,0.0,out,T20I # 2681,12.0,80.0,55.56,15.0,4,3,36
South Africa Vs Nepal,Nepal,4,Anil Sah,27,24,3,1,112.5,out,T20I # 2681,12.67,100.0,68.42,13.0,3,3,38
South Africa Vs Nepal,Nepal,5,Dipendra Singh Airee,6,11,0,0,54.54,out,T20I # 2681,10.67,66.67,43.75,16.0,7,3,32
South Africa Vs Nepal,Nepal,6,Kushal Malla,1,3,0,0,33.33,out,T20I # 2681,12.33,71.15,37.84,17.0,6,3,37
South Africa Vs Nepal,Nepal,7,Gulsan Jha,6,6,1,0,100.0,out,T20I # 2681,6.67,80.0,50.0,8.0,8,3,20
South Africa Vs Nepal,Nepal,8,Sompal Kami,8,4,0,1,200.0,not out,T20I # 2681,4.0,72.73,75.0,4.0,9,3,8
Papua New Guinea Vs Afghanistan,Papua New Guinea,1,Tony Ura,11,18,1,0,61.11,out,T20I # 2679,4.0,51.61,25.0,8.0,1,4,16
Papua New Guinea Vs Afghanistan,Papua New Guinea,2,Assad Vala,3,2,0,0,150.0,out,T20I # 2679,7.5,71.43,60.0,10.0,2,4,30
Papua New Guinea Vs Afghanistan,Papua New Guinea,3,Lega Siaka,0,1,0,0,0.0,out,T20I # 2679,4.33,65.0,30.77,7.0,3,3,13
Papua New Guinea Vs Afghanistan,Papua New Guinea,4,Sese Bau,0,1,0,0,0.0,out,T20I # 2679,16.75,83.75,56.72,20.0,4,4,67
Papua New Guinea Vs Afghanistan,Papua New Guinea,5,Hiri Hiri,1,3,0,0,33.33,out,T20I # 2679,6.25,64.1,48.0,10.0,5,4,25
Papua New Guinea Vs Afghanistan,Papua New Guinea,6,Chad Soper,9,26,0,0,34.61,out,T20I # 2679,6.0,46.15,16.67,13.0,6,4,24
Papua New Guinea Vs Afghanistan,Papua New Guinea,7,Kiplin Doriga,27,32,2,0,84.37,out,T20I # 2679,23.67,92.21,42.25,19.0,7,4,71
Papua New Guinea Vs Afghanistan,Papua New Guinea,8,Norman Vanua,0,7,0,0,0.0,out,T20I # 2679,6.33,63.33,52.63,10.0,8,3,19
Papua New Guinea Vs Afghanistan,Papua New Guinea,9,Alei Nao,13,19,2,0,68.42,out,T20I # 2679,5.25,65.62,38.1,8.0,9,4,21
Papua New Guinea Vs Afghanistan,Papua New Guinea,10,John Kariko,4,7,1,0,57.14,not out,T20I # 2679,4.0,44.44,100.0,4.0,10,2,4
Papua New Guinea Vs Afghanistan,Papua New Guinea,11,Semo Kamea,2,3,0,0,66.66,out,T20I # 2679,3.0,75.0,0.0,2.0,11,2,3
Papua New Guinea Vs Afghanistan,Afghanistan,1,Rahmanullah Gurbaz,11,7,1,1,157.14,out,T20I # 2679,35.12,124.34,59.79,28.0,1,8,281
Papua New Guinea Vs Afghanistan,Afghanistan,2,Ibrahim Zadran,0,7,0,0,0.0,out,T20I # 2679,28.88,107.44,53.68,27.0,2,8,231
Papua New Guinea Vs Afghanistan,Afghanistan,3,Gulbadin Naib,49,36,4,2,136.11,not out,T20I # 2679,12.86,104.65,60.0,11.0,3,8,90
Papua New Guinea Vs Afghanistan,Afghanistan,4,Azmatullah Omarzai,13,18,1,0,72.22,out,T20I # 2679,13.88,108.82,46.85,13.0,4,8,111
Papua New Guinea Vs Afghanistan,Afghanistan,5,Mohammad Nabi,16,23,1,0,69.56,not out,T20I # 2679,11.2,80.0,32.14,9.0,5,8,56
Oman Vs England,Oman,1,Pratik Athavale,5,3,1,0,166.66,out,T20I # 2678,19.67,134.09,61.02,15.0,1,3,59
Oman Vs England,Oman,2,Kashyap Prajapati,9,16,0,1,56.25,out,T20I # 2678,5.33,48.48,62.5,11.0,1,3,16
Oman Vs England,Oman,3,Aqib Ilyas,8,10,1,0,80.0,out,T20I # 2678,10.5,120.0,76.19,9.0,3,4,42
Oman Vs England,Oman,4,Zeeshan Maqsood,1,5,0,0,20.0,out,T20I # 2678,6.75,75.0,59.26,9.0,4,4,27
Oman Vs England,Oman,5,Khalid Kail,1,3,0,0,33.33,out,T20I # 2678,12.0,78.69,29.17,15.0,5,4,48
Oman Vs England,Oman,6,Ayaan Khan,1,5,0,0,20.0,out,T20I # 2678,31.0,97.89,45.16,24.0,6,4,93
Oman Vs England,Oman,7,Shoaib Khan,11,23,1,0,47.82,out,T20I # 2678,5.5,40.74,36.36,14.0,7,2,11
Oman Vs England,Oman,8,Mehran Khan,0,2,0,0,0.0,out,T20I # 2678,11.75,130.56,59.57,9.0,8,4,47
Oman Vs England,Oman,9,Fayyaz Butt,2,7,0,0,28.57,out,T20I # 2678,2.0,28.57,0.0,7.0,9,1,2
Oman Vs England,Oman,10,Kaleemullah,5,5,1,0,100.0,out,T20I # 2678,6.5,108.33,30.77,4.0,10,3,13
Oman Vs England,Oman,11,Bilal Khan,0,1,0,0,0.0,not out,T20I # 2678,2.0,50.0,0.0,1.0,11,3,2
Oman Vs England,England,1,Phil Salt,12,3,0,2,400.0,out,T20I # 2678,37.6,159.32,65.96,17.0,1,7,188
Oman Vs England,England,2,Jos Buttler,24,8,4,1,300.0,not out,T20I # 2678,42.8,158.52,69.16,19.0,2,7,214
Oman Vs England,England,3,Will Jacks,5,7,1,0,71.42,out,T20I # 2678,7.5,88.24,53.33,8.0,3,2,15
Oman Vs England,England,4,Jonny Bairstow,8,2,2,0,400.0,not out,T20I # 2678,27.5,134.15,61.82,14.0,4,6,110
Bangladesh Vs Netherlands,Bangladesh,1,Tanzid Hasan,35,26,5,1,134.61,out,T20I # 2677,10.86,96.2,65.79,11.0,1,7,76
Bangladesh Vs Netherlands,Bangladesh,2,Najmul Hossain Shanto,1,3,0,0,33.33,out,T20I # 2677,16.0,95.73,51.79,17.0,3,7,112
Bangladesh Vs Netherlands,Bangladesh,3,Litton Das,1,2,0,0,50.0,out,T20I # 2677,23.17,93.29,47.48,21.0,3,7,139
Bangladesh Vs Netherlands,Bangladesh,4,Shakib Al Hasan,64,46,9,0,139.13,not out,T20I # 2677,18.5,106.73,48.65,15.0,4,7,111
Bangladesh Vs Netherlands,Bangladesh,5,Towhid Hridoy,9,15,0,0,60.0,out,T20I # 2677,21.86,128.57,54.9,17.0,5,7,153
Bangladesh Vs Netherlands,Bangladesh,6,Mahmudullah,25,21,2,2,119.04,out,T20I # 2677,15.83,94.06,52.63,14.0,6,7,95
Bangladesh Vs Netherlands,Bangladesh,7,Jaker Ali,14,7,3,0,200.0,not out,T20I # 2677,11.67,76.09,34.29,12.0,7,4,35
Bangladesh Vs Netherlands,Netherlands,1,Michael Levitt,18,16,2,1,112.5,out,T20I # 2677,12.5,111.11,80.0,11.0,1,4,50
Bangladesh Vs Netherlands,Netherlands,2,Max O'Dowd,12,16,3,0,75.0,out,T20I # 2677,26.33,101.28,50.63,20.0,2,4,79
Bangladesh Vs Netherlands,Netherlands,3,Vikramjit Singh,26,16,0,3,162.5,out,T20I # 2677,16.75,94.37,56.72,18.0,3,4,67
Bangladesh Vs Netherlands,Netherlands,4,Sybrand Engelbrecht,33,22,3,1,150.0,out,T20I # 2677,24.5,106.52,42.86,23.0,4,4,98
Bangladesh Vs Netherlands,Netherlands,5,Scott Edwards,25,23,3,0,108.69,out,T20I # 2677,17.75,110.94,45.07,16.0,5,4,71
Bangladesh Vs Netherlands,Netherlands,6,Bas de Leede,0,2,0,0,0.0,out,T20I # 2677,6.67,60.61,20.0,8.0,6,4,20
Bangladesh Vs Netherlands,Netherlands,7,Logan van Beek,2,3,0,0,66.66,out,T20I # 2677,8.33,96.15,48.0,9.0,7,3,25
Bangladesh Vs Netherlands,Netherlands,8,Tim Pringle,1,10,0,0,10.0,out,T20I # 2677,1.0,18.75,0.0,5.0,8,3,3
Bangladesh Vs Netherlands,Netherlands,9,Aryan Dutt,15,12,1,1,125.0,not out,T20I # 2677,25.0,125.0,56.0,10.0,9,2,25
West Indies Vs New Zealand,West Indies,1,Brandon King,9,12,0,1,75.0,out,T20I # 2672,21.5,126.47,74.42,14.0,1,5,86
West Indies Vs New Zealand,West Indies,2,Johnson Charles,0,5,0,0,0.0,out,T20I # 2672,23.33,113.82,64.29,20.0,2,6,140
West Indies Vs New Zealand,West Indies,3,Nicholas Pooran,17,12,3,0,141.66,out,T20I # 2672,38.0,146.15,71.05,22.0,3,7,228
West Indies Vs New Zealand,West Indies,4,Roston Chase,0,3,0,0,0.0,out,T20I # 2672,47.0,130.56,55.32,24.0,4,3,94
West Indies Vs New Zealand,West Indies,5,Rovman Powell,1,5,0,0,20.0,out,T20I # 2672,17.0,143.66,62.75,12.0,5,6,102
West Indies Vs New Zealand,West Indies,6,Sherfane Rutherford,68,39,2,6,174.35,not out,T20I # 2672,40.33,147.56,61.16,14.0,6,6,121
West Indies Vs New Zealand,West Indies,7,Akeal Hosein,15,17,0,1,88.23,out,T20I # 2672,10.5,75.0,47.62,14.0,8,2,21
West Indies Vs New Zealand,West Indies,8,Andre Russell,14,7,2,1,200.0,out,T20I # 2672,26.0,165.96,71.79,8.0,6,6,78
West Indies Vs New Zealand,West Indies,9,Romario Shepherd,13,13,0,1,100.0,out,T20I # 2672,23.0,92.0,43.48,8.0,7,3,23
West Indies Vs New Zealand,West Indies,10,Alzarri Joseph,6,6,1,0,100.0,out,T20I # 2672,17.0,130.77,58.82,6.0,9,2,17
West Indies Vs New Zealand,West Indies,11,Gudakesh Motie,0,1,0,0,0.0,not out,T20I # 2672,4.0,50.0,100.0,4.0,10,2,4
West Indies Vs New Zealand,New Zealand,1,Devon Conway,5,8,0,0,62.5,out,T20I # 2672,23.33,107.69,65.71,16.0,2,4,70
West Indies Vs New Zealand,New Zealand,2,Finn Allen,26,23,3,1,113.04,out,T20I # 2672,8.75,81.4,62.86,11.0,1,4,35
West Indies Vs New Zealand,New Zealand,3,Rachin Ravindra,10,13,0,0,76.92,out,T20I # 2672,8.5,68.0,0.0,8.0,3,3,17
West Indies Vs New Zealand,New Zealand,4,Kane Williamson,1,2,0,0,50.0,out,T20I # 2672,14.0,87.5,42.86,11.0,4,3,28
West Indies Vs New Zealand,New Zealand,5,Daryl Mitchell,12,13,1,0,92.3,out,T20I # 2672,18.0,120.0,55.56,10.0,5,3,36
West Indies Vs New Zealand,New Zealand,6,Glenn Phillips,40,33,3,2,121.21,out,T20I # 2672,29.0,113.73,55.17,26.0,5,2,58
West Indies Vs New Zealand,New Zealand,7,James Neesham,10,11,0,1,90.9,out,T20I # 2672,10.0,90.91,60.0,11.0,7,1,10
West Indies Vs New Zealand,New Zealand,8,Mitchell Santner,21,12,0,3,175.0,not out,T20I # 2672,25.0,125.0,72.0,10.0,8,2,25
West Indies Vs New Zealand,New Zealand,9,Tim Southee,0,1,0,0,0.0,out,T20I # 2672,0.0,0.0,0.0,1.0,9,1,0
West Indies Vs New Zealand,New Zealand,10,Trent Boult,7,4,0,1,175.0,out,T20I # 2672,10.0,90.91,60.0,6.0,10,2,10
West Indies Vs New Zealand,New Zealand,11,Lockie Ferguson,0,0,0,0,,not out,T20I # 2672,2.0,40.0,0.0,2.0,11,2,2
United States of America Vs India,United States of America,1,Shayan Jahangir,0,1,0,0,0.0,out,T20I # 2671,1.5,30.0,0.0,5.0,1,2,3
United States of America Vs India,United States of America,2,Steven Taylor,24,30,0,2,80.0,out,T20I # 2671,12.33,90.24,62.16,14.0,1,6,74
United States of America Vs India,United States of America,3,Andries Gous,2,5,0,0,40.0,out,T20I # 2671,43.8,151.03,66.67,24.0,2,6,219
United States of America Vs India,United States of America,4,Aaron Jones,11,22,0,1,50.0,out,T20I # 2671,40.5,135.0,71.6,20.0,4,6,162
United States of America Vs India,United States of America,5,Nitish Kumar,27,23,2,1,117.39,out,T20I # 2671,24.75,115.12,48.48,17.0,3,5,99
United States of America Vs India,United States of America,6,Corey Anderson,15,12,1,1,125.0,out,T20I # 2671,16.5,91.67,33.33,14.0,5,5,66
United States of America Vs India,United States of America,7,Harmeet Singh,10,10,0,1,100.0,out,T20I # 2671,17.25,138.0,66.67,12.0,7,4,69
United States of America Vs India,United States of America,8,Shadley van Schalkwyk,11,10,1,0,110.0,not out,T20I # 2671,29.0,107.41,55.17,9.0,8,3,29
United States of America Vs India,United States of America,9,Jasdeep Singh,2,7,0,0,28.57,out,T20I # 2671,4.0,30.77,0.0,6.0,8,2,4
United States of America Vs India,India,1,Rohit Sharma,3,6,0,0,50.0,out,T20I # 2671,36.71,156.71,72.37,20.0,1,8,257
United States of America Vs India,India,2,Virat Kohli,0,1,0,0,0.0,out,T20I # 2671,18.88,112.69,49.01,17.0,2,8,151
United States of America Vs India,India,3,Rishabh Pant,18,20,1,1,90.0,out,T20I # 2671,24.43,127.61,65.5,17.0,3,8,171
United States of America Vs India,India,4,Suryakumar Yadav,50,49,2,2,102.04,not out,T20I # 2671,28.43,135.37,60.3,18.0,4,8,199
United States of America Vs India,India,5,Shivam Dube,31,35,1,1,88.57,not out,T20I # 2671,22.17,114.66,49.62,14.0,5,8,133
Namibia Vs Australia,Namibia,1,Michael van Lingen,10,10,2,0,100.0,out,T20I # 2666,14.33,104.88,69.77,14.0,1,3,43
Namibia Vs Australia,Namibia,2,Nikolaas Davin,2,7,0,0,28.57,out,T20I # 2666,16.0,96.97,62.5,16.0,2,4,64
Namibia Vs Australia,Namibia,3,Jan Frylinck,1,6,0,0,16.66,out,T20I # 2666,19.33,85.29,55.17,23.0,3,3,58
Namibia Vs Australia,Namibia,4,Gerhard Erasmus,36,43,4,1,83.72,out,T20I # 2666,34.0,109.68,56.86,23.0,4,4,102
Namibia Vs Australia,Namibia,5,JJ Smit,3,9,0,0,33.33,out,T20I # 2666,7.33,73.33,45.45,8.0,5,4,22
Namibia Vs Australia,Namibia,6,Zane Green,1,4,0,0,25.0,out,T20I # 2666,9.67,87.88,34.48,11.0,6,3,29
Namibia Vs Australia,Namibia,7,David Wiese,1,7,0,0,14.28,out,T20I # 2666,17.0,127.5,62.75,10.0,7,4,51
Namibia Vs Australia,Namibia,8,Ruben Trumpelmann,7,7,0,1,100.0,out,T20I # 2666,4.0,88.89,75.0,4.0,8,2,8
Namibia Vs Australia,Namibia,9,Bernard Scholtz,0,2,0,0,0.0,out,T20I # 2666,6.0,100.0,0.0,3.0,10,2,6
Namibia Vs Australia,Namibia,10,Jack Brassell,2,3,0,0,66.66,not out,T20I # 2666,2.0,66.67,0.0,3.0,10,1,2
Namibia Vs Australia,Namibia,11,Ben Shikongo,0,4,0,0,0.0,out,T20I # 2666,0.0,0.0,0.0,4.0,11,1,0
Namibia Vs Australia,Australia,1,David Warner,20,8,3,1,250.0,out,T20I # 2666,29.67,139.06,68.54,18.0,1,7,178
Namibia Vs Australia,Australia,2,Travis Head,34,17,5,2,200.0,not out,T20I # 2666,42.5,158.39,76.08,23.0,2,7,255
Namibia Vs Australia,Australia,3,Mitchell Marsh,18,9,3,1,200.0,not out,T20I # 2666,20.83,116.82,65.6,15.0,3,7,125
Canada Vs Pakistan,Canada,1,Aaron Johnson,52,44,4,4,118.18,out,T20I # 2665,29.67,121.92,80.9,24.0,1,3,89
Canada Vs Pakistan,Canada,2,Navneet Dhaliwal,4,7,1,0,57.14,out,T20I # 2665,23.67,116.39,70.42,20.0,2,3,71
Canada Vs Pakistan,Canada,3,Pargat Singh,2,6,0,0,33.33,out,T20I # 2665,8.33,92.59,32.0,9.0,3,3,25
Canada Vs Pakistan,Canada,4,Nicholas Kirton,1,6,0,0,16.66,out,T20I # 2665,33.67,140.28,47.52,24.0,4,3,101
Canada Vs Pakistan,Canada,5,Shreyas Movva,2,9,0,0,22.22,out,T20I # 2665,35.5,116.39,45.07,20.0,5,3,71
Canada Vs Pakistan,Canada,6,Ravinderpal Singh,0,2,0,0,0.0,out,T20I # 2665,0.0,0.0,0.0,2.0,6,1,0
Canada Vs Pakistan,Canada,7,Saad Bin Zafar,10,21,1,0,47.61,out,T20I # 2665,11.0,50.0,36.36,11.0,7,2,11
Canada Vs Pakistan,Canada,8,Kaleem Sana,13,14,0,1,92.85,not out,T20I # 2665,13.0,92.86,46.15,14.0,8,1,13
Canada Vs Pakistan,Canada,9,Dilon Heyliger,9,11,1,0,81.81,not out,T20I # 2665,10.0,71.43,40.0,5.0,7,3,10
Canada Vs Pakistan,Pakistan,1,Mohammad Rizwan,53,53,2,1,100.0,not out,T20I # 2665,36.67,90.91,34.55,30.0,1,4,110
Canada Vs Pakistan,Pakistan,2,Saim Ayub,6,12,0,0,50.0,out,T20I # 2665,11.5,79.31,60.87,14.0,2,2,23
Canada Vs Pakistan,Pakistan,3,Babar Azam,33,33,1,1,100.0,out,T20I # 2665,40.67,101.67,40.98,30.0,2,4,122
Canada Vs Pakistan,Pakistan,4,Fakhar Zaman,4,6,0,0,66.66,out,T20I # 2665,8.25,110.0,48.48,8.0,4,4,33
Canada Vs Pakistan,Pakistan,5,Usman Khan,2,1,0,0,200.0,not out,T20I # 2665,6.67,90.91,20.0,6.0,5,4,20
South Africa Vs Bangladesh,South Africa,1,Quinton de Kock,18,11,1,2,163.63,out,T20I # 2664,27.0,140.46,66.67,19.0,1,9,243
South Africa Vs Bangladesh,South Africa,2,Reeza Hendricks,0,1,0,0,0.0,out,T20I # 2664,14.12,87.6,54.87,14.0,2,9,113
South Africa Vs Bangladesh,South Africa,3,Aiden Markram,4,8,1,0,50.0,out,T20I # 2664,15.38,100.82,55.28,14.0,3,9,123
South Africa Vs Bangladesh,South Africa,4,Tristan Stubbs,0,5,0,0,0.0,out,T20I # 2664,33.0,101.23,42.42,20.0,4,8,165
South Africa Vs Bangladesh,South Africa,5,Heinrich Klaasen,46,44,2,3,104.54,out,T20I # 2664,31.67,126.67,60.0,19.0,5,8,190
South Africa Vs Bangladesh,South Africa,6,David Miller,29,38,1,1,76.31,out,T20I # 2664,28.17,102.42,52.07,21.0,6,8,169
South Africa Vs Bangladesh,South Africa,7,Marco Jansen,5,5,0,0,100.0,not out,T20I # 2664,8.0,96.97,31.25,6.0,7,6,32
South Africa Vs Bangladesh,South Africa,8,Keshav Maharaj,4,8,0,0,50.0,not out,T20I # 2664,13.0,54.17,30.77,5.0,8,5,13
South Africa Vs Bangladesh,Bangladesh,1,Tanzid Hasan,9,9,2,0,100.0,out,T20I # 2664,10.86,96.2,65.79,11.0,1,7,76
South Africa Vs Bangladesh,Bangladesh,2,Najmul Hossain Shanto,14,23,0,1,60.86,out,T20I # 2664,16.0,95.73,51.79,17.0,3,7,112
South Africa Vs Bangladesh,Bangladesh,3,Litton Das,9,13,1,0,69.23,out,T20I # 2664,23.17,93.29,47.48,21.0,3,7,139
South Africa Vs Bangladesh,Bangladesh,4,Shakib Al Hasan,3,4,0,0,75.0,out,T20I # 2664,18.5,106.73,48.65,15.0,4,7,111
South Africa Vs Bangladesh,Bangladesh,5,Towhid Hridoy,37,34,2,2,108.82,out,T20I # 2664,21.86,128.57,54.9,17.0,5,7,153
South Africa Vs Bangladesh,Bangladesh,6,Mahmudullah,20,27,2,0,74.07,out,T20I # 2664,15.83,94.06,52.63,14.0,6,7,95
South Africa Vs Bangladesh,Bangladesh,7,Jaker Ali,8,9,0,0,88.88,out,T20I # 2664,11.67,76.09,34.29,12.0,7,4,35
South Africa Vs Bangladesh,Bangladesh,8,Rishad Hossain,0,1,0,0,0.0,not out,T20I # 2664,8.0,153.85,80.0,4.0,8,6,40
South Africa Vs Bangladesh,Bangladesh,9,Taskin Ahmed,1,1,0,0,100.0,not out,T20I # 2664,14.0,84.85,42.86,7.0,9,5,28
Oman Vs Scotland,Oman,1,Pratik Athavale,54,40,5,2,135.0,out,T20I # 2659,19.67,134.09,61.02,15.0,1,3,59
Oman Vs Scotland,Oman,2,Naseem Khushi,10,9,0,1,111.11,out,T20I # 2659,8.0,106.67,62.5,8.0,2,2,16
Oman Vs Scotland,Oman,3,Aqib Ilyas,16,6,2,1,266.66,out,T20I # 2659,10.5,120.0,76.19,9.0,3,4,42
Oman Vs Scotland,Oman,4,Zeeshan Maqsood,3,4,0,0,75.0,out,T20I # 2659,6.75,75.0,59.26,9.0,4,4,27
Oman Vs Scotland,Oman,5,Khalid Kail,5,7,0,0,71.42,out,T20I # 2659,12.0,78.69,29.17,15.0,5,4,48
Oman Vs Scotland,Oman,6,Ayaan Khan,41,39,4,0,105.12,not out,T20I # 2659,31.0,97.89,45.16,24.0,6,4,93
Oman Vs Scotland,Oman,7,Mehran Khan,13,10,2,0,130.0,out,T20I # 2659,11.75,130.56,59.57,9.0,8,4,47
Oman Vs Scotland,Oman,8,Rafiullah,0,3,0,0,0.0,out,T20I # 2659,0.0,0.0,0.0,3.0,8,1,0
Oman Vs Scotland,Oman,9,Shakeel Ahmed,3,2,0,0,150.0,not out,T20I # 2659,12.5,119.05,48.0,7.0,9,3,25
Oman Vs Scotland,Scotland,1,George Munsey,41,20,2,4,205.0,out,T20I # 2659,41.33,139.33,69.35,22.0,1,4,124
Oman Vs Scotland,Scotland,2,Michael Jones,16,13,1,2,123.07,out,T20I # 2659,29.67,134.85,69.66,16.0,2,4,89
Oman Vs Scotland,Scotland,3,Brandon McMullen,61,31,9,2,196.77,not out,T20I # 2659,70.0,170.73,71.43,27.0,3,3,140
Oman Vs Scotland,Scotland,4,Richie Berrington,13,7,1,1,185.71,out,T20I # 2659,102.0,139.73,45.1,24.0,4,3,102
Oman Vs Scotland,Scotland,5,Matthew Cross,15,8,0,2,187.5,not out,T20I # 2659,18.0,150.0,61.11,8.0,5,3,36
India Vs Pakistan,India,1,Rohit Sharma,13,12,1,1,108.33,out,T20I # 2658,36.71,156.71,72.37,20.0,1,8,257
India Vs Pakistan,India,2,Virat Kohli,4,3,1,0,133.33,out,T20I # 2658,18.88,112.69,49.01,17.0,2,8,151
India Vs Pakistan,India,3,Rishabh Pant,42,31,6,0,135.48,out,T20I # 2658,24.43,127.61,65.5,17.0,3,8,171
India Vs Pakistan,India,4,Axar Patel,20,18,2,1,111.11,out,T20I # 2658,23.0,139.39,60.87,13.0,8,5,92
India Vs Pakistan,India,5,Suryakumar Yadav,7,8,1,0,87.5,out,T20I # 2658,28.43,135.37,60.3,18.0,4,8,199
India Vs Pakistan,India,6,Shivam Dube,3,9,0,0,33.33,out,T20I # 2658,22.17,114.66,49.62,14.0,5,8,133
India Vs Pakistan,India,7,Hardik Pandya,7,12,1,0,58.33,out,T20I # 2658,48.0,151.58,68.06,16.0,6,6,144
India Vs Pakistan,India,8,Ravindra Jadeja,0,1,0,0,0.0,out,T20I # 2658,11.67,159.09,51.43,4.0,8,5,35
India Vs Pakistan,India,9,Arshdeep Singh,9,13,1,0,69.23,out,T20I # 2658,12.0,75.0,33.33,5.0,9,3,12
India Vs Pakistan,India,10,Jasprit Bumrah,0,1,0,0,0.0,out,T20I # 2658,0.0,0.0,0.0,1.0,10,1,0
India Vs Pakistan,India,11,Mohammed Siraj,7,7,0,0,100.0,not out,T20I # 2658,7.0,100.0,0.0,7.0,11,1,7
India Vs Pakistan,Pakistan,1,Mohammad Rizwan,31,44,1,1,70.45,out,T20I # 2658,36.67,90.91,34.55,30.0,1,4,110
India Vs Pakistan,Pakistan,2,Babar Azam,13,10,2,0,130.0,out,T20I # 2658,40.67,101.67,40.98,30.0,2,4,122
India Vs Pakistan,Pakistan,3,Usman Khan,13,15,1,0,86.66,out,T20I # 2658,6.67,90.91,20.0,6.0,5,4,20
India Vs Pakistan,Pakistan,4,Fakhar Zaman,13,8,1,1,162.5,out,T20I # 2658,8.25,110.0,48.48,8.0,4,4,33
India Vs Pakistan,Pakistan,5,Imad Wasim,15,23,1,0,65.21,out,T20I # 2658,9.5,65.52,42.11,14.0,5,2,19
India Vs Pakistan,Pakistan,6,Shadab Khan,4,7,0,0,57.14,out,T20I # 2658,14.67,129.41,50.0,11.0,6,3,44
India Vs Pakistan,Pakistan,7,Iftikhar Ahmed,5,9,0,0,55.55,out,T20I # 2658,11.5,100.0,52.17,12.0,7,2,23
India Vs Pakistan,Pakistan,8,Shaheen Shah Afridi,0,1,0,0,0.0,not out,T20I # 2658,36.0,163.64,77.78,7.0,8,3,36
India Vs Pakistan,Pakistan,9,Naseem Shah,10,4,2,0,250.0,not out,T20I # 2658,10.0,250.0,80.0,4.0,9,1,10
West Indies Vs Uganda,West Indies,1,Brandon King,13,8,2,0,162.5,out,T20I # 2651,21.5,126.47,74.42,14.0,1,5,86
West Indies Vs Uganda,West Indies,2,Johnson Charles,44,42,4,2,104.76,out,T20I # 2651,23.33,113.82,64.29,20.0,2,6,140
West Indies Vs Uganda,West Indies,3,Nicholas Pooran,22,17,0,3,129.41,out,T20I # 2651,38.0,146.15,71.05,22.0,3,7,228
West Indies Vs Uganda,West Indies,4,Rovman Powell,23,18,1,1,127.77,out,T20I # 2651,17.0,143.66,62.75,12.0,5,6,102
West Indies Vs Uganda,West Indies,5,Sherfane Rutherford,22,16,2,1,137.5,out,T20I # 2651,40.33,147.56,61.16,14.0,6,6,121
West Indies Vs Uganda,West Indies,6,Andre Russell,30,17,6,0,176.47,not out,T20I # 2651,26.0,165.96,71.79,8.0,6,6,78
West Indies Vs Uganda,West Indies,7,Romario Shepherd,5,5,0,0,100.0,not out,T20I # 2651,23.0,92.0,43.48,8.0,7,3,23
West Indies Vs Uganda,Uganda,1,Roger Mukasa,0,2,0,0,0.0,out,T20I # 2651,0.0,0.0,0.0,2.0,1,3,0
West Indies Vs Uganda,Uganda,2,Simon Ssesazi,4,3,1,0,133.33,out,T20I # 2651,2.25,81.82,88.89,3.0,2,4,9
West Indies Vs Uganda,Uganda,3,Robinson Obuya,6,8,1,0,75.0,out,T20I # 2651,5.25,58.33,47.62,9.0,3,4,21
West Indies Vs Uganda,Uganda,4,Alpesh Ramjani,5,6,1,0,83.33,out,T20I # 2651,3.25,54.17,61.54,6.0,4,4,13
West Indies Vs Uganda,Uganda,5,Kenneth Waiswa,1,10,0,0,10.0,out,T20I # 2651,9.5,43.18,42.11,15.0,5,3,19
West Indies Vs Uganda,Uganda,6,Riazat Ali Shah,3,8,0,0,37.5,out,T20I # 2651,12.25,44.14,8.16,28.0,4,4,49
West Indies Vs Uganda,Uganda,7,Dinesh Nakrani,0,2,0,0,0.0,out,T20I # 2651,2.5,38.46,40.0,6.0,7,4,10
West Indies Vs Uganda,Uganda,8,Brian Masaba,1,4,0,0,25.0,out,T20I # 2651,2.0,15.38,0.0,6.0,8,4,4
West Indies Vs Uganda,Uganda,9,Juma Miyagi,13,20,0,0,65.0,not out,T20I # 2651,13.0,70.27,0.0,12.0,7,3,26
West Indies Vs Uganda,Uganda,10,Cosmas Kyewuta,1,6,0,0,16.66,out,T20I # 2651,2.0,28.57,0.0,5.0,10,3,4
West Indies Vs Uganda,Uganda,11,Frank Nsubuga,0,3,0,0,0.0,out,T20I # 2651,0.0,0.0,0.0,3.0,11,1,0
Australia Vs England,Australia,1,Travis Head,34,18,2,3,188.88,out,T20I # 2650,42.5,158.39,76.08,23.0,2,7,255
Australia Vs England,Australia,2,David Warner,39,16,2,4,243.75,out,T20I # 2650,29.67,139.06,68.54,18.0,1,7,178
Australia Vs England,Australia,3,Mitchell Marsh,35,25,2,2,140.0,out,T20I # 2650,20.83,116.82,65.6,15.0,3,7,125
Australia Vs England,Australia,4,Glenn Maxwell,28,25,3,1,112.0,out,T20I # 2650,26.4,141.94,68.18,16.0,4,6,132
Australia Vs England,Australia,5,Marcus Stoinis,30,17,2,2,176.47,out,T20I # 2650,42.25,164.08,68.64,21.0,5,5,169
Australia Vs England,Australia,6,Tim David,11,8,0,1,137.5,out,T20I # 2650,15.25,148.78,62.3,8.0,6,5,61
Australia Vs England,Australia,7,Matthew Wade,17,10,3,0,170.0,not out,T20I # 2650,13.5,112.5,44.44,6.0,7,4,27
Australia Vs England,Australia,8,Pat Cummins,0,1,0,0,0.0,out,T20I # 2650,7.0,82.35,42.86,6.0,8,3,14
Australia Vs England,Australia,9,Mitchell Starc,0,0,0,0,,not out,T20I # 2650,4.0,57.14,0.0,4.0,9,2,4
Australia Vs England,England,1,Phil Salt,37,23,4,2,160.86,out,T20I # 2650,37.6,159.32,65.96,17.0,1,7,188
Australia Vs England,England,2,Jos Buttler,42,28,5,2,150.0,out,T20I # 2650,42.8,158.52,69.16,19.0,2,7,214
Australia Vs England,England,3,Will Jacks,10,10,1,0,100.0,out,T20I # 2650,7.5,88.24,53.33,8.0,3,2,15
Australia Vs England,England,4,Jonny Bairstow,7,13,0,0,53.84,out,T20I # 2650,27.5,134.15,61.82,14.0,4,6,110
Australia Vs England,England,5,Moeen Ali,25,15,0,3,166.66,out,T20I # 2650,14.2,139.22,53.52,10.0,3,5,71
Australia Vs England,England,6,Harry Brook,20,16,2,0,125.0,not out,T20I # 2650,72.5,157.61,52.41,23.0,5,4,145
Australia Vs England,England,7,Liam Livingstone,15,12,0,1,125.0,out,T20I # 2650,18.0,146.94,58.33,12.0,6,4,72
Australia Vs England,England,8,Chris Jordan,1,3,0,0,33.33,not out,T20I # 2650,2.0,25.0,0.0,4.0,8,2,2
Netherlands Vs South Africa,Netherlands,1,Michael Levitt,0,3,0,0,0.0,out,T20I # 2649,12.5,111.11,80.0,11.0,1,4,50
Netherlands Vs South Africa,Netherlands,2,Max O'Dowd,2,6,0,0,33.33,out,T20I # 2649,26.33,101.28,50.63,20.0,2,4,79
Netherlands Vs South Africa,Netherlands,3,Vikramjit Singh,12,17,1,0,70.58,out,T20I # 2649,16.75,94.37,56.72,18.0,3,4,67
Netherlands Vs South Africa,Netherlands,4,Sybrand Engelbrecht,40,45,2,1,88.88,out,T20I # 2649,24.5,106.52,42.86,23.0,4,4,98
Netherlands Vs South Africa,Netherlands,5,Bas de Leede,6,16,0,0,37.5,out,T20I # 2649,6.67,60.61,20.0,8.0,6,4,20
Netherlands Vs South Africa,Netherlands,6,Scott Edwards,10,9,0,1,111.11,out,T20I # 2649,17.75,110.94,45.07,16.0,5,4,71
Netherlands Vs South Africa,Netherlands,7,Teja Nidamanuru,0,1,0,0,0.0,out,T20I # 2649,0.0,0.0,0.0,1.0,7,1,0
Netherlands Vs South Africa,Netherlands,8,Logan van Beek,23,22,3,0,104.54,out,T20I # 2649,8.33,96.15,48.0,9.0,7,3,25
Netherlands Vs South Africa,Netherlands,9,Tim Pringle,0,2,0,0,0.0,out,T20I # 2649,1.0,18.75,0.0,5.0,8,3,3
Netherlands Vs South Africa,Netherlands,10,Paul van Meekeren,1,1,0,0,100.0,not out,T20I # 2649,4.0,44.44,0.0,4.0,10,2,4
Netherlands Vs South Africa,South Africa,1,Reeza Hendricks,3,10,0,0,30.0,out,T20I # 2649,14.12,87.6,54.87,14.0,2,9,113
Netherlands Vs South Africa,South Africa,2,Quinton de Kock,0,0,0,0,,out,T20I # 2649,27.0,140.46,66.67,19.0,1,9,243
Netherlands Vs South Africa,South Africa,3,Aiden Markram,0,3,0,0,0.0,out,T20I # 2649,15.38,100.82,55.28,14.0,3,9,123
Netherlands Vs South Africa,South Africa,4,Tristan Stubbs,33,37,1,1,89.18,out,T20I # 2649,33.0,101.23,42.42,20.0,4,8,165
Netherlands Vs South Africa,South Africa,5,Heinrich Klaasen,4,7,0,0,57.14,out,T20I # 2649,31.67,126.67,60.0,19.0,5,8,190
Netherlands Vs South Africa,South Africa,6,David Miller,59,51,3,4,115.68,not out,T20I # 2649,28.17,102.42,52.07,21.0,6,8,169
Netherlands Vs South Africa,South Africa,7,Marco Jansen,3,5,0,0,60.0,out,T20I # 2649,8.0,96.97,31.25,6.0,7,6,32
Netherlands Vs South Africa,South Africa,8,Keshav Maharaj,0,1,0,0,0.0,not out,T20I # 2649,13.0,54.17,30.77,5.0,8,5,13
Sri Lanka Vs Bangladesh,Sri Lanka,1,Pathum Nissanka,47,28,7,1,167.85,out,T20I # 2646,16.67,131.58,68.0,13.0,1,3,50
Sri Lanka Vs Bangladesh,Sri Lanka,2,Kusal Mendis,10,8,2,0,125.0,out,T20I # 2646,25.0,111.94,42.67,22.0,2,3,75
Sri Lanka Vs Bangladesh,Sri Lanka,3,Kamindu Mendis,4,5,1,0,80.0,out,T20I # 2646,10.67,80.0,56.25,13.0,3,3,32
Sri Lanka Vs Bangladesh,Sri Lanka,4,Dhananjaya de Silva,21,26,1,0,80.76,out,T20I # 2646,27.5,105.77,40.0,26.0,4,2,55
Sri Lanka Vs Bangladesh,Sri Lanka,5,Charith Asalanka,19,21,0,1,90.47,out,T20I # 2646,23.67,139.22,56.34,17.0,5,3,71
Sri Lanka Vs Bangladesh,Sri Lanka,6,Wanindu Hasaranga,0,1,0,0,0.0,out,T20I # 2646,10.0,222.22,80.0,3.0,8,3,20
Sri Lanka Vs Bangladesh,Sri Lanka,7,Angelo Mathews,16,19,1,0,84.21,out,T20I # 2646,31.0,124.0,51.61,17.0,7,3,62
Sri Lanka Vs Bangladesh,Sri Lanka,8,Dasun Shanaka,3,7,0,0,42.85,out,T20I # 2646,4.0,66.67,50.0,6.0,8,3,12
Sri Lanka Vs Bangladesh,Sri Lanka,9,Maheesh Theekshana,0,3,0,0,0.0,out,T20I # 2646,7.0,36.84,57.14,10.0,9,2,7
Sri Lanka Vs Bangladesh,Sri Lanka,10,Matheesha Pathirana,0,1,0,0,0.0,not out,T20I # 2646,0.0,0.0,0.0,2.0,10,2,0
Sri Lanka Vs Bangladesh,Sri Lanka,11,Nuwan Thushara,0,1,0,0,0.0,not out,T20I # 2646,0.0,0.0,0.0,2.0,11,2,0
Sri Lanka Vs Bangladesh,Bangladesh,1,Tanzid Hasan,3,6,0,0,50.0,out,T20I # 2646,10.86,96.2,65.79,11.0,1,7,76
Sri Lanka Vs Bangladesh,Bangladesh,2,Soumya Sarkar,0,2,0,0,0.0,out,T20I # 2646,5.0,83.33,40.0,6.0,2,2,10
Sri Lanka Vs Bangladesh,Bangladesh,3,Litton Das,36,38,2,1,94.73,out,T20I # 2646,23.17,93.29,47.48,21.0,3,7,139
Sri Lanka Vs Bangladesh,Bangladesh,4,Najmul Hossain Shanto,7,13,0,0,53.84,out,T20I # 2646,16.0,95.73,51.79,17.0,3,7,112
Sri Lanka Vs Bangladesh,Bangladesh,5,Towhid Hridoy,40,20,1,4,200.0,out,T20I # 2646,21.86,128.57,54.9,17.0,5,7,153
Sri Lanka Vs Bangladesh,Bangladesh,6,Shakib Al Hasan,8,14,0,0,57.14,out,T20I # 2646,18.5,106.73,48.65,15.0,4,7,111
Sri Lanka Vs Bangladesh,Bangladesh,7,Mahmudullah,16,13,0,1,123.07,not out,T20I # 2646,15.83,94.06,52.63,14.0,6,7,95
Sri Lanka Vs Bangladesh,Bangladesh,8,Rishad Hossain,1,3,0,0,33.33,out,T20I # 2646,8.0,153.85,80.0,4.0,8,6,40
Sri Lanka Vs Bangladesh,Bangladesh,9,Taskin Ahmed,0,1,0,0,0.0,out,T20I # 2646,14.0,84.85,42.86,7.0,9,5,28
Sri Lanka Vs Bangladesh,Bangladesh,10,Tanzim Hasan Sakib,1,4,0,0,25.0,not out,T20I # 2646,6.0,52.17,0.0,5.0,10,5,12
Afghanistan Vs New Zealand,Afghanistan,1,Rahmanullah Gurbaz,80,56,5,5,142.85,out,T20I # 2645,35.12,124.34,59.79,28.0,1,8,281
Afghanistan Vs New Zealand,Afghanistan,2,Ibrahim Zadran,44,41,3,2,107.31,out,T20I # 2645,28.88,107.44,53.68,27.0,2,8,231
Afghanistan Vs New Zealand,Afghanistan,3,Azmatullah Omarzai,22,13,1,2,169.23,out,T20I # 2645,13.88,108.82,46.85,13.0,4,8,111
Afghanistan Vs New Zealand,Afghanistan,4,Mohammad Nabi,0,1,0,0,0.0,out,T20I # 2645,11.2,80.0,32.14,9.0,5,8,56
Afghanistan Vs New Zealand,Afghanistan,5,Rashid Khan,6,5,1,0,120.0,out,T20I # 2645,11.4,123.91,77.19,7.0,8,7,57
Afghanistan Vs New Zealand,Afghanistan,6,Karim Janat,1,1,0,0,100.0,not out,T20I # 2645,14.33,113.16,46.51,8.0,6,5,43
Afghanistan Vs New Zealand,Afghanistan,7,Gulbadin Naib,0,2,0,0,0.0,out,T20I # 2645,12.86,104.65,60.0,11.0,3,8,90
Afghanistan Vs New Zealand,Afghanistan,8,Najibullah Zadran,1,1,0,0,100.0,not out,T20I # 2645,7.33,95.65,54.55,6.0,5,4,22
Afghanistan Vs New Zealand,New Zealand,1,Finn Allen,0,1,0,0,0.0,out,T20I # 2645,8.75,81.4,62.86,11.0,1,4,35
Afghanistan Vs New Zealand,New Zealand,2,Devon Conway,8,10,1,0,80.0,out,T20I # 2645,23.33,107.69,65.71,16.0,2,4,70
Afghanistan Vs New Zealand,New Zealand,3,Kane Williamson,9,13,1,0,69.23,out,T20I # 2645,14.0,87.5,42.86,11.0,4,3,28
Afghanistan Vs New Zealand,New Zealand,4,Daryl Mitchell,5,5,1,0,100.0,out,T20I # 2645,18.0,120.0,55.56,10.0,5,3,36
Afghanistan Vs New Zealand,New Zealand,5,Glenn Phillips,18,18,2,0,100.0,out,T20I # 2645,29.0,113.73,55.17,26.0,5,2,58
Afghanistan Vs New Zealand,New Zealand,6,Mark Chapman,4,7,0,0,57.14,out,T20I # 2645,4.0,57.14,0.0,7.0,6,1,4
Afghanistan Vs New Zealand,New Zealand,7,Michael Bracewell,0,1,0,0,0.0,out,T20I # 2645,0.0,0.0,0.0,1.0,7,1,0
Afghanistan Vs New Zealand,New Zealand,8,Mitchell Santner,4,8,0,0,50.0,out,T20I # 2645,25.0,125.0,72.0,10.0,8,2,25
Afghanistan Vs New Zealand,New Zealand,9,Matt Henry,12,17,0,1,70.58,out,T20I # 2645,12.0,70.59,50.0,17.0,9,1,12
Afghanistan Vs New Zealand,New Zealand,10,Lockie Ferguson,2,5,0,0,40.0,out,T20I # 2645,2.0,40.0,0.0,2.0,11,2,2
Afghanistan Vs New Zealand,New Zealand,11,Trent Boult,3,7,0,0,42.85,not out,T20I # 2645,10.0,90.91,60.0,6.0,10,2,10
Canada Vs Ireland,Canada,1,Aaron Johnson,14,13,3,0,107.69,out,T20I # 2644,29.67,121.92,80.9,24.0,1,3,89
Canada Vs Ireland,Canada,2,Navneet Dhaliwal,6,10,1,0,60.0,out,T20I # 2644,23.67,116.39,70.42,20.0,2,3,71
Canada Vs Ireland,Canada,3,Pargat Singh,18,14,2,0,128.57,out,T20I # 2644,8.33,92.59,32.0,9.0,3,3,25
Canada Vs Ireland,Canada,4,Dilpreet Bajwa,7,9,1,0,77.77,out,T20I # 2644,9.0,128.57,77.78,7.0,6,2,18
Canada Vs Ireland,Canada,5,Nicholas Kirton,49,35,3,2,140.0,out,T20I # 2644,33.67,140.28,47.52,24.0,4,3,101
Canada Vs Ireland,Canada,6,Shreyas Movva,37,36,3,0,102.77,out,T20I # 2644,35.5,116.39,45.07,20.0,5,3,71
Canada Vs Ireland,Canada,7,Dilon Heyliger,0,2,0,0,0.0,out,T20I # 2644,10.0,71.43,40.0,5.0,7,3,10
Canada Vs Ireland,Canada,8,Saad Bin Zafar,1,1,0,0,100.0,not out,T20I # 2644,11.0,50.0,36.36,11.0,7,2,11
Canada Vs Ireland,Ireland,1,Andy Balbirnie,17,19,1,0,89.47,out,T20I # 2644,7.33,68.75,36.36,11.0,1,3,22
Canada Vs Ireland,Ireland,2,Paul Stirling,9,17,1,0,52.94,out,T20I # 2644,4.0,48.0,33.33,8.0,2,3,12
Canada Vs Ireland,Ireland,3,Lorcan Tucker,10,15,0,0,66.66,out,T20I # 2644,7.33,73.33,36.36,10.0,3,3,22
Canada Vs Ireland,Ireland,4,Harry Tector,7,5,0,0,140.0,out,T20I # 2644,3.67,40.74,0.0,9.0,4,3,11
Canada Vs Ireland,Ireland,5,Curtis Campher,4,7,0,0,57.14,out,T20I # 2644,7.67,79.31,60.87,10.0,5,3,23
Canada Vs Ireland,Ireland,6,George Dockrell,30,23,2,1,130.43,not out,T20I # 2644,22.0,115.79,50.0,13.0,6,3,44
Canada Vs Ireland,Ireland,7,Gareth Delany,3,7,0,0,42.85,out,T20I # 2644,20.0,150.0,70.0,13.0,7,3,60
Canada Vs Ireland,Ireland,8,Mark Adair,34,24,3,1,141.66,out,T20I # 2644,17.33,115.56,50.0,15.0,8,3,52
Canada Vs Ireland,Ireland,9,Barry McCarthy,2,3,0,0,66.66,not out,T20I # 2644,2.0,25.0,0.0,5.0,9,3,4
Namibia Vs Scotland,Namibia,1,JP Kotze,0,3,0,0,0.0,out,T20I # 2643,0.0,0.0,0.0,3.0,1,1,0
Namibia Vs Scotland,Namibia,2,Nikolaas Davin,20,12,4,0,166.66,out,T20I # 2643,16.0,96.97,62.5,16.0,2,4,64
Namibia Vs Scotland,Namibia,3,Jan Frylinck,12,14,2,0,85.71,out,T20I # 2643,19.33,85.29,55.17,23.0,3,3,58
Namibia Vs Scotland,Namibia,4,Gerhard Erasmus,52,31,5,2,167.74,out,T20I # 2643,34.0,109.68,56.86,23.0,4,4,102
Namibia Vs Scotland,Namibia,5,Malan Kruger,2,8,0,0,25.0,out,T20I # 2643,3.0,33.33,0.0,4.0,5,2,3
Namibia Vs Scotland,Namibia,6,Zane Green,28,27,1,1,103.7,out,T20I # 2643,9.67,87.88,34.48,11.0,6,3,29
Namibia Vs Scotland,Namibia,7,David Wiese,14,13,0,1,107.69,out,T20I # 2643,17.0,127.5,62.75,10.0,7,4,51
Namibia Vs Scotland,Namibia,8,Ruben Trumpelmann,1,2,0,0,50.0,out,T20I # 2643,4.0,88.89,75.0,4.0,8,2,8
Namibia Vs Scotland,Namibia,9,JJ Smit,11,8,0,1,137.5,out,T20I # 2643,7.33,73.33,45.45,8.0,5,4,22
Namibia Vs Scotland,Namibia,10,Bernard Scholtz,6,4,0,0,150.0,not out,T20I # 2643,6.0,100.0,0.0,3.0,10,2,6
Namibia Vs Scotland,Namibia,11,Tangeni Lungameni,0,0,0,0,,not out,T20I # 2643,0.0,,0.0,0.0,11,1,0
Namibia Vs Scotland,Scotland,1,George Munsey,7,15,0,0,46.66,out,T20I # 2643,41.33,139.33,69.35,22.0,1,4,124
Namibia Vs Scotland,Scotland,2,Michael Jones,26,20,3,1,130.0,out,T20I # 2643,29.67,134.85,69.66,16.0,2,4,89
Namibia Vs Scotland,Scotland,3,Brandon McMullen,19,17,2,0,111.76,out,T20I # 2643,70.0,170.73,71.43,27.0,3,3,140
Namibia Vs Scotland,Scotland,4,Richie Berrington,47,35,2,2,134.28,not out,T20I # 2643,102.0,139.73,45.1,24.0,4,3,102
Namibia Vs Scotland,Scotland,5,Matthew Cross,3,5,0,0,60.0,out,T20I # 2643,18.0,150.0,61.11,8.0,5,3,36
Namibia Vs Scotland,Scotland,6,Michael Leask,35,17,0,4,205.88,out,T20I # 2643,20.0,160.0,60.0,12.0,6,2,40
Namibia Vs Scotland,Scotland,7,Chris Greaves,4,3,0,0,133.33,not out,T20I # 2643,13.0,100.0,0.0,6.0,7,2,13
Pakistan Vs United States of America,Pakistan,1,Mohammad Rizwan,9,8,0,1,112.5,out,T20I # 2642,36.67,90.91,34.55,30.0,1,4,110
Pakistan Vs United States of America,Pakistan,2,Babar Azam,44,43,3,2,102.32,out,T20I # 2642,40.67,101.67,40.98,30.0,2,4,122
Pakistan Vs United States of America,Pakistan,3,Usman Khan,3,3,0,0,100.0,out,T20I # 2642,6.67,90.91,20.0,6.0,5,4,20
Pakistan Vs United States of America,Pakistan,4,Fakhar Zaman,11,7,0,1,157.14,out,T20I # 2642,8.25,110.0,48.48,8.0,4,4,33
Pakistan Vs United States of America,Pakistan,5,Shadab Khan,40,25,1,3,160.0,out,T20I # 2642,14.67,129.41,50.0,11.0,6,3,44
Pakistan Vs United States of America,Pakistan,6,Azam Khan,0,1,0,0,0.0,out,T20I # 2642,0.0,0.0,0.0,1.0,6,1,0
Pakistan Vs United States of America,Pakistan,7,Iftikhar Ahmed,18,14,3,0,128.57,out,T20I # 2642,11.5,100.0,52.17,12.0,7,2,23
Pakistan Vs United States of America,Pakistan,8,Shaheen Shah Afridi,23,16,1,2,143.75,not out,T20I # 2642,36.0,163.64,77.78,7.0,8,3,36
Pakistan Vs United States of America,Pakistan,9,Haris Rauf,3,3,0,0,100.0,not out,T20I # 2642,3.0,100.0,0.0,3.0,9,1,3
Pakistan Vs United States of America,United States of America,1,Steven Taylor,12,16,1,0,75.0,out,T20I # 2642,12.33,90.24,62.16,14.0,1,6,74
Pakistan Vs United States of America,United States of America,2,Monank Patel,50,38,7,1,131.57,out,T20I # 2642,33.0,122.22,63.64,27.0,2,2,66
Pakistan Vs United States of America,United States of America,3,Andries Gous,35,26,5,1,134.61,out,T20I # 2642,43.8,151.03,66.67,24.0,2,6,219
Pakistan Vs United States of America,United States of America,4,Aaron Jones,36,26,2,2,138.46,not out,T20I # 2642,40.5,135.0,71.6,20.0,4,6,162
Pakistan Vs United States of America,United States of America,5,Nitish Kumar,14,14,1,0,100.0,not out,T20I # 2642,24.75,115.12,48.48,17.0,3,5,99
Australia Vs Oman,Australia,1,David Warner,56,51,6,1,109.8,out,T20I # 2641,29.67,139.06,68.54,18.0,1,7,178
Australia Vs Oman,Australia,2,Travis Head,12,10,2,0,120.0,out,T20I # 2641,42.5,158.39,76.08,23.0,2,7,255
Australia Vs Oman,Australia,3,Mitchell Marsh,14,21,2,0,66.66,out,T20I # 2641,20.83,116.82,65.6,15.0,3,7,125
Australia Vs Oman,Australia,4,Glenn Maxwell,0,1,0,0,0.0,out,T20I # 2641,26.4,141.94,68.18,16.0,4,6,132
Australia Vs Oman,Australia,5,Marcus Stoinis,67,36,2,6,186.11,not out,T20I # 2641,42.25,164.08,68.64,21.0,5,5,169
Australia Vs Oman,Australia,6,Tim David,9,4,2,0,225.0,out,T20I # 2641,15.25,148.78,62.3,8.0,6,5,61
Australia Vs Oman,Oman,1,Kashyap Prajapati,7,16,1,0,43.75,out,T20I # 2641,5.33,48.48,62.5,11.0,1,3,16
Australia Vs Oman,Oman,2,Pratik Athavale,0,1,0,0,0.0,out,T20I # 2641,19.67,134.09,61.02,15.0,1,3,59
Australia Vs Oman,Oman,3,Aqib Ilyas,18,18,2,1,100.0,out,T20I # 2641,10.5,120.0,76.19,9.0,3,4,42
Australia Vs Oman,Oman,4,Zeeshan Maqsood,1,7,0,0,14.28,out,T20I # 2641,6.75,75.0,59.26,9.0,4,4,27
Australia Vs Oman,Oman,5,Khalid Kail,8,12,1,0,66.66,out,T20I # 2641,12.0,78.69,29.17,15.0,5,4,48
Australia Vs Oman,Oman,6,Ayaan Khan,36,30,2,2,120.0,out,T20I # 2641,31.0,97.89,45.16,24.0,6,4,93
Australia Vs Oman,Oman,7,Shoaib Khan,0,4,0,0,0.0,out,T20I # 2641,5.5,40.74,36.36,14.0,7,2,11
Australia Vs Oman,Oman,8,Mehran Khan,27,16,1,2,168.75,out,T20I # 2641,11.75,130.56,59.57,9.0,8,4,47
Australia Vs Oman,Oman,9,Shakeel Ahmed,11,10,1,0,110.0,out,T20I # 2641,12.5,119.05,48.0,7.0,9,3,25
Australia Vs Oman,Oman,10,Kaleemullah,6,4,0,0,150.0,not out,T20I # 2641,6.5,108.33,30.77,4.0,10,3,13
Australia Vs Oman,Oman,11,Bilal Khan,1,2,0,0,50.0,not out,T20I # 2641,2.0,50.0,0.0,1.0,11,3,2
Papua New Guinea Vs Uganda,Papua New Guinea,1,Assad Vala,0,2,0,0,0.0,out,T20I # 2640,7.5,71.43,60.0,10.0,2,4,30
Papua New Guinea Vs Uganda,Papua New Guinea,2,Tony Ura,2,6,0,0,33.33,out,T20I # 2640,4.0,51.61,25.0,8.0,1,4,16
Papua New Guinea Vs Uganda,Papua New Guinea,3,Sese Bau,5,9,1,0,55.55,out,T20I # 2640,16.75,83.75,56.72,20.0,4,4,67
Papua New Guinea Vs Uganda,Papua New Guinea,4,Lega Siaka,12,17,1,0,70.58,out,T20I # 2640,4.33,65.0,30.77,7.0,3,3,13
Papua New Guinea Vs Uganda,Papua New Guinea,5,Hiri Hiri,15,19,2,0,78.94,out,T20I # 2640,6.25,64.1,48.0,10.0,5,4,25
Papua New Guinea Vs Uganda,Papua New Guinea,6,Charles Amini,5,14,0,0,35.71,out,T20I # 2640,11.33,64.15,23.53,18.0,6,3,34
Papua New Guinea Vs Uganda,Papua New Guinea,7,Kiplin Doriga,12,20,0,1,60.0,out,T20I # 2640,23.67,92.21,42.25,19.0,7,4,71
Papua New Guinea Vs Uganda,Papua New Guinea,8,Chad Soper,4,11,0,0,36.36,out,T20I # 2640,6.0,46.15,16.67,13.0,6,4,24
Papua New Guinea Vs Uganda,Papua New Guinea,9,Norman Vanua,5,10,0,0,50.0,out,T20I # 2640,6.33,63.33,52.63,10.0,8,3,19
Papua New Guinea Vs Uganda,Papua New Guinea,10,Alei Nao,5,6,0,0,83.33,out,T20I # 2640,5.25,65.62,38.1,8.0,9,4,21
Papua New Guinea Vs Uganda,Papua New Guinea,11,John Kariko,0,2,0,0,0.0,not out,T20I # 2640,4.0,44.44,100.0,4.0,10,2,4
Papua New Guinea Vs Uganda,Uganda,1,Roger Mukasa,0,3,0,0,0.0,out,T20I # 2640,0.0,0.0,0.0,2.0,1,3,0
Papua New Guinea Vs Uganda,Uganda,2,Simon Ssesazi,1,3,0,0,33.33,out,T20I # 2640,2.25,81.82,88.89,3.0,2,4,9
Papua New Guinea Vs Uganda,Uganda,3,Robinson Obuya,1,2,0,0,50.0,out,T20I # 2640,5.25,58.33,47.62,9.0,3,4,21
Papua New Guinea Vs Uganda,Uganda,4,Riazat Ali Shah,33,56,1,0,58.92,out,T20I # 2640,12.25,44.14,8.16,28.0,4,4,49
Papua New Guinea Vs Uganda,Uganda,5,Alpesh Ramjani,8,10,1,0,80.0,out,T20I # 2640,3.25,54.17,61.54,6.0,4,4,13
Papua New Guinea Vs Uganda,Uganda,6,Dinesh Nakrani,0,3,0,0,0.0,out,T20I # 2640,2.5,38.46,40.0,6.0,7,4,10
Papua New Guinea Vs Uganda,Uganda,7,Juma Miyagi,13,16,0,0,81.25,out,T20I # 2640,13.0,70.27,0.0,12.0,7,3,26
Papua New Guinea Vs Uganda,Uganda,8,Kenneth Waiswa,7,16,0,0,43.75,not out,T20I # 2640,9.5,43.18,42.11,15.0,5,3,19
Papua New Guinea Vs Uganda,Uganda,9,Brian Masaba,0,1,0,0,0.0,not out,T20I # 2640,2.0,15.38,0.0,6.0,8,4,4
Ireland Vs India,Ireland,1,Andy Balbirnie,5,10,1,0,50.0,out,T20I # 2639,7.33,68.75,36.36,11.0,1,3,22
Ireland Vs India,Ireland,2,Paul Stirling,2,6,0,0,33.33,out,T20I # 2639,4.0,48.0,33.33,8.0,2,3,12
Ireland Vs India,Ireland,3,Lorcan Tucker,10,13,2,0,76.92,out,T20I # 2639,7.33,73.33,36.36,10.0,3,3,22
Ireland Vs India,Ireland,4,Harry Tector,4,16,0,0,25.0,out,T20I # 2639,3.67,40.74,0.0,9.0,4,3,11
Ireland Vs India,Ireland,5,Curtis Campher,12,8,1,1,150.0,out,T20I # 2639,7.67,79.31,60.87,10.0,5,3,23
Ireland Vs India,Ireland,6,George Dockrell,3,5,0,0,60.0,out,T20I # 2639,22.0,115.79,50.0,13.0,6,3,44
Ireland Vs India,Ireland,7,Gareth Delany,26,14,2,2,185.71,out,T20I # 2639,20.0,150.0,70.0,13.0,7,3,60
Ireland Vs India,Ireland,8,Mark Adair,3,2,0,0,150.0,out,T20I # 2639,17.33,115.56,50.0,15.0,8,3,52
Ireland Vs India,Ireland,9,Barry McCarthy,0,6,0,0,0.0,out,T20I # 2639,2.0,25.0,0.0,5.0,9,3,4
Ireland Vs India,Ireland,10,Josh Little,14,13,2,0,107.69,out,T20I # 2639,36.0,116.13,61.11,16.0,10,2,36
Ireland Vs India,Ireland,11,Ben White,2,4,0,0,50.0,not out,T20I # 2639,7.0,29.17,0.0,12.0,11,2,7
Ireland Vs India,India,1,Rohit Sharma,52,37,4,3,140.54,not out,T20I # 2639,36.71,156.71,72.37,20.0,1,8,257
Ireland Vs India,India,2,Virat Kohli,1,5,0,0,20.0,out,T20I # 2639,18.88,112.69,49.01,17.0,2,8,151
Ireland Vs India,India,3,Rishabh Pant,36,26,3,2,138.46,not out,T20I # 2639,24.43,127.61,65.5,17.0,3,8,171
Ireland Vs India,India,4,Suryakumar Yadav,2,4,0,0,50.0,out,T20I # 2639,28.43,135.37,60.3,18.0,4,8,199
Ireland Vs India,India,5,Shivam Dube,0,2,0,0,0.0,not out,T20I # 2639,22.17,114.66,49.62,14.0,5,8,133
Nepal Vs Netherlands,Nepal,1,Kushal Bhurtel,7,10,1,0,70.0,out,T20I # 2638,8.0,61.54,75.0,13.0,1,3,24
Nepal Vs Netherlands,Nepal,2,Aasif Sheikh,4,8,1,0,50.0,out,T20I # 2638,21.0,88.73,66.67,24.0,2,3,63
Nepal Vs Netherlands,Nepal,3,Anil Sah,11,12,2,0,91.66,out,T20I # 2638,12.67,100.0,68.42,13.0,3,3,38
Nepal Vs Netherlands,Nepal,4,Rohit Paudel,35,37,5,0,94.59,out,T20I # 2638,12.0,80.0,55.56,15.0,4,3,36
Nepal Vs Netherlands,Nepal,5,Kushal Malla,9,9,1,0,100.0,out,T20I # 2638,12.33,71.15,37.84,17.0,6,3,37
Nepal Vs Netherlands,Nepal,6,Dipendra Singh Airee,1,6,0,0,16.66,out,T20I # 2638,10.67,66.67,43.75,16.0,7,3,32
Nepal Vs Netherlands,Nepal,7,Sompal Kami,0,5,0,0,0.0,out,T20I # 2638,4.0,72.73,75.0,4.0,9,3,8
Nepal Vs Netherlands,Nepal,8,Gulsan Jha,14,15,0,1,93.33,out,T20I # 2638,6.67,80.0,50.0,8.0,8,3,20
Nepal Vs Netherlands,Nepal,9,Karan KC,17,12,0,2,141.66,out,T20I # 2638,17.0,141.67,70.59,12.0,9,1,17
Nepal Vs Netherlands,Nepal,10,Sagar Dhakal,0,1,0,0,0.0,not out,T20I # 2638,0.0,0.0,0.0,1.0,10,1,0
Nepal Vs Netherlands,Nepal,11,Abinash Bohara,0,1,0,0,0.0,out,T20I # 2638,0.0,0.0,0.0,1.0,11,2,0
Nepal Vs Netherlands,Netherlands,1,Michael Levitt,1,3,0,0,33.33,out,T20I # 2638,12.5,111.11,80.0,11.0,1,4,50
Nepal Vs Netherlands,Netherlands,2,Max O'Dowd,54,48,4,1,112.5,not out,T20I # 2638,26.33,101.28,50.63,20.0,2,4,79
Nepal Vs Netherlands,Netherlands,3,Vikramjit Singh,22,28,4,0,78.57,out,T20I # 2638,16.75,94.37,56.72,18.0,3,4,67
Nepal Vs Netherlands,Netherlands,4,Sybrand Engelbrecht,14,16,1,0,87.5,out,T20I # 2638,24.5,106.52,42.86,23.0,4,4,98
Nepal Vs Netherlands,Netherlands,5,Scott Edwards,5,8,0,0,62.5,out,T20I # 2638,17.75,110.94,45.07,16.0,5,4,71
Nepal Vs Netherlands,Netherlands,6,Bas de Leede,11,10,1,0,110.0,not out,T20I # 2638,6.67,60.61,20.0,8.0,6,4,20
Afghanistan Vs Uganda,Afghanistan,1,Rahmanullah Gurbaz,76,45,4,4,168.88,out,T20I # 2636,35.12,124.34,59.79,28.0,1,8,281
Afghanistan Vs Uganda,Afghanistan,2,Ibrahim Zadran,70,46,9,1,152.17,out,T20I # 2636,28.88,107.44,53.68,27.0,2,8,231
Afghanistan Vs Uganda,Afghanistan,3,Najibullah Zadran,2,3,0,0,66.66,out,T20I # 2636,7.33,95.65,54.55,6.0,5,4,22
Afghanistan Vs Uganda,Afghanistan,4,Mohammad Nabi,14,16,0,0,87.5,not out,T20I # 2636,11.2,80.0,32.14,9.0,5,8,56
Afghanistan Vs Uganda,Afghanistan,5,Gulbadin Naib,4,5,0,0,80.0,out,T20I # 2636,12.86,104.65,60.0,11.0,3,8,90
Afghanistan Vs Uganda,Afghanistan,6,Azmatullah Omarzai,5,5,0,0,100.0,out,T20I # 2636,13.88,108.82,46.85,13.0,4,8,111
Afghanistan Vs Uganda,Afghanistan,7,Rashid Khan,2,1,0,0,200.0,not out,T20I # 2636,11.4,123.91,77.19,7.0,8,7,57
Afghanistan Vs Uganda,Uganda,1,Ronak Patel,4,2,1,0,200.0,out,T20I # 2636,3.0,27.27,66.67,11.0,1,2,6
Afghanistan Vs Uganda,Uganda,2,Simon Ssesazi,4,4,1,0,100.0,out,T20I # 2636,2.25,81.82,88.89,3.0,2,4,9
Afghanistan Vs Uganda,Uganda,3,Roger Mukasa,0,1,0,0,0.0,out,T20I # 2636,0.0,0.0,0.0,2.0,1,3,0
Afghanistan Vs Uganda,Uganda,4,Riazat Ali Shah,11,34,0,0,32.35,out,T20I # 2636,12.25,44.14,8.16,28.0,4,4,49
Afghanistan Vs Uganda,Uganda,5,Dinesh Nakrani,6,8,1,0,75.0,out,T20I # 2636,2.5,38.46,40.0,6.0,7,4,10
Afghanistan Vs Uganda,Uganda,6,Alpesh Ramjani,0,2,0,0,0.0,out,T20I # 2636,3.25,54.17,61.54,6.0,4,4,13
Afghanistan Vs Uganda,Uganda,7,Robinson Obuya,14,25,0,1,56.0,out,T20I # 2636,5.25,58.33,47.62,9.0,3,4,21
Afghanistan Vs Uganda,Uganda,8,Brian Masaba,0,1,0,0,0.0,out,T20I # 2636,2.0,15.38,0.0,6.0,8,4,4
Afghanistan Vs Uganda,Uganda,9,Bilal Hassan,8,16,1,0,50.0,out,T20I # 2636,8.0,50.0,50.0,16.0,9,1,8
Afghanistan Vs Uganda,Uganda,10,Cosmas Kyewuta,2,2,0,0,100.0,not out,T20I # 2636,2.0,28.57,0.0,5.0,10,3,4
Afghanistan Vs Uganda,Uganda,11,Henry Ssenyondo,0,1,0,0,0.0,out,T20I # 2636,0.0,0.0,0.0,1.0,11,1,0
Sri Lanka Vs South Africa,Sri Lanka,1,Pathum Nissanka,3,8,0,0,37.5,out,T20I # 2635,16.67,131.58,68.0,13.0,1,3,50
Sri Lanka Vs South Africa,Sri Lanka,2,Kusal Mendis,19,30,1,0,63.33,out,T20I # 2635,25.0,111.94,42.67,22.0,2,3,75
Sri Lanka Vs South Africa,Sri Lanka,3,Kamindu Mendis,11,15,1,0,73.33,out,T20I # 2635,10.67,80.0,56.25,13.0,3,3,32
Sri Lanka Vs South Africa,Sri Lanka,4,Wanindu Hasaranga,0,2,0,0,0.0,out,T20I # 2635,10.0,222.22,80.0,3.0,8,3,20
Sri Lanka Vs South Africa,Sri Lanka,5,Sadeera Samarawickrama,0,1,0,0,0.0,out,T20I # 2635,0.0,0.0,0.0,1.0,5,1,0
Sri Lanka Vs South Africa,Sri Lanka,6,Charith Asalanka,6,9,0,0,66.66,out,T20I # 2635,23.67,139.22,56.34,17.0,5,3,71
Sri Lanka Vs South Africa,Sri Lanka,7,Angelo Mathews,16,16,0,2,100.0,out,T20I # 2635,31.0,124.0,51.61,17.0,7,3,62
Sri Lanka Vs South Africa,Sri Lanka,8,Dasun Shanaka,9,10,0,1,90.0,out,T20I # 2635,4.0,66.67,50.0,6.0,8,3,12
Sri Lanka Vs South Africa,Sri Lanka,9,Maheesh Theekshana,7,16,1,0,43.75,not out,T20I # 2635,7.0,36.84,57.14,10.0,9,2,7
Sri Lanka Vs South Africa,Sri Lanka,10,Matheesha Pathirana,0,4,0,0,0.0,out,T20I # 2635,0.0,0.0,0.0,2.0,10,2,0
Sri Lanka Vs South Africa,Sri Lanka,11,Nuwan Thushara,0,4,0,0,0.0,out,T20I # 2635,0.0,0.0,0.0,2.0,11,2,0
Sri Lanka Vs South Africa,South Africa,1,Quinton de Kock,20,27,0,1,74.07,out,T20I # 2635,27.0,140.46,66.67,19.0,1,9,243
Sri Lanka Vs South Africa,South Africa,2,Reeza Hendricks,4,2,1,0,200.0,out,T20I # 2635,14.12,87.6,54.87,14.0,2,9,113
Sri Lanka Vs South Africa,South Africa,3,Aiden Markram,12,14,0,1,85.71,out,T20I # 2635,15.38,100.82,55.28,14.0,3,9,123
Sri Lanka Vs South Africa,South Africa,4,Tristan Stubbs,13,28,0,0,46.42,out,T20I # 2635,33.0,101.23,42.42,20.0,4,8,165
Sri Lanka Vs South Africa,South Africa,5,Heinrich Klaasen,19,22,1,1,86.36,not out,T20I # 2635,31.67,126.67,60.0,19.0,5,8,190
Sri Lanka Vs South Africa,South Africa,6,David Miller,6,6,1,0,100.0,not out,T20I # 2635,28.17,102.42,52.07,21.0,6,8,169
Oman Vs Namibia,Oman,1,Kashyap Prajapati,0,1,0,0,0.0,out,T20I # 2634,5.33,48.48,62.5,11.0,1,3,16
Oman Vs Namibia,Oman,2,Naseem Khushi,6,6,1,0,100.0,out,T20I # 2634,8.0,106.67,62.5,8.0,2,2,16
Oman Vs Namibia,Oman,3,Aqib Ilyas,0,1,0,0,0.0,out,T20I # 2634,10.5,120.0,76.19,9.0,3,4,42
Oman Vs Namibia,Oman,4,Zeeshan Maqsood,22,20,4,0,110.0,out,T20I # 2634,6.75,75.0,59.26,9.0,4,4,27
Oman Vs Namibia,Oman,5,Khalid Kail,34,39,1,1,87.17,out,T20I # 2634,12.0,78.69,29.17,15.0,5,4,48
Oman Vs Namibia,Oman,6,Ayaan Khan,15,21,0,1,71.42,out,T20I # 2634,31.0,97.89,45.16,24.0,6,4,93
Oman Vs Namibia,Oman,7,Mohammad Nadeem,6,10,0,0,60.0,out,T20I # 2634,6.0,60.0,0.0,10.0,7,1,6
Oman Vs Namibia,Oman,8,Mehran Khan,7,8,1,0,87.5,out,T20I # 2634,11.75,130.56,59.57,9.0,8,4,47
Oman Vs Namibia,Oman,9,Shakeel Ahmed,11,9,2,0,122.22,out,T20I # 2634,12.5,119.05,48.0,7.0,9,3,25
Oman Vs Namibia,Oman,10,Kaleemullah,2,3,0,0,66.66,out,T20I # 2634,6.5,108.33,30.77,4.0,10,3,13
Oman Vs Namibia,Oman,11,Bilal Khan,1,1,0,0,100.0,not out,T20I # 2634,2.0,50.0,0.0,1.0,11,3,2
Oman Vs Namibia,Namibia,1,Michael van Lingen,0,2,0,0,0.0,out,T20I # 2634,14.33,104.88,69.77,14.0,1,3,43
Oman Vs Namibia,Namibia,2,Nikolaas Davin,24,31,2,1,77.41,out,T20I # 2634,16.0,96.97,62.5,16.0,2,4,64
Oman Vs Namibia,Namibia,3,Jan Frylinck,45,48,6,0,93.75,out,T20I # 2634,19.33,85.29,55.17,23.0,3,3,58
Oman Vs Namibia,Namibia,4,Gerhard Erasmus,13,16,1,0,81.25,out,T20I # 2634,34.0,109.68,56.86,23.0,4,4,102
Oman Vs Namibia,Namibia,5,JJ Smit,8,12,1,0,66.66,out,T20I # 2634,7.33,73.33,45.45,8.0,5,4,22
Oman Vs Namibia,Namibia,6,David Wiese,9,8,0,1,112.5,not out,T20I # 2634,17.0,127.5,62.75,10.0,7,4,51
Oman Vs Namibia,Namibia,7,Zane Green,0,2,0,0,0.0,out,T20I # 2634,9.67,87.88,34.48,11.0,6,3,29
Oman Vs Namibia,Namibia,8,Malan Kruger,1,1,0,0,100.0,not out,T20I # 2634,3.0,33.33,0.0,4.0,5,2,3
Papua New Guinea Vs West Indies,Papua New Guinea,1,Tony Ura,2,5,0,0,40.0,out,T20I # 2633,4.0,51.61,25.0,8.0,1,4,16
Papua New Guinea Vs West Indies,Papua New Guinea,2,Assad Vala,21,22,2,1,95.45,out,T20I # 2633,7.5,71.43,60.0,10.0,2,4,30
Papua New Guinea Vs West Indies,Papua New Guinea,3,Lega Siaka,1,2,0,0,50.0,out,T20I # 2633,4.33,65.0,30.77,7.0,3,3,13
Papua New Guinea Vs West Indies,Papua New Guinea,4,Sese Bau,50,43,6,1,116.27,out,T20I # 2633,16.75,83.75,56.72,20.0,4,4,67
Papua New Guinea Vs West Indies,Papua New Guinea,5,Hiri Hiri,2,6,0,0,33.33,out,T20I # 2633,6.25,64.1,48.0,10.0,5,4,25
Papua New Guinea Vs West Indies,Papua New Guinea,6,Charles Amini,12,14,0,0,85.71,out,T20I # 2633,11.33,64.15,23.53,18.0,6,3,34
Papua New Guinea Vs West Indies,Papua New Guinea,7,Kiplin Doriga,27,18,3,0,150.0,not out,T20I # 2633,23.67,92.21,42.25,19.0,7,4,71
Papua New Guinea Vs West Indies,Papua New Guinea,8,Chad Soper,10,9,1,0,111.11,out,T20I # 2633,6.0,46.15,16.67,13.0,6,4,24
Papua New Guinea Vs West Indies,Papua New Guinea,9,Alei Nao,0,0,0,0,,out,T20I # 2633,5.25,65.62,38.1,8.0,9,4,21
Papua New Guinea Vs West Indies,Papua New Guinea,10,Kabua Morea,2,2,0,0,100.0,not out,T20I # 2633,2.0,40.0,0.0,2.0,10,2,2
Papua New Guinea Vs West Indies,West Indies,1,Brandon King,34,29,7,0,117.24,out,T20I # 2633,21.5,126.47,74.42,14.0,1,5,86
Papua New Guinea Vs West Indies,West Indies,2,Johnson Charles,0,1,0,0,0.0,out,T20I # 2633,23.33,113.82,64.29,20.0,2,6,140
Papua New Guinea Vs West Indies,West Indies,3,Nicholas Pooran,27,27,1,2,100.0,out,T20I # 2633,38.0,146.15,71.05,22.0,3,7,228
Papua New Guinea Vs West Indies,West Indies,4,Roston Chase,42,27,4,2,155.55,not out,T20I # 2633,47.0,130.56,55.32,24.0,4,3,94
Papua New Guinea Vs West Indies,West Indies,5,Rovman Powell,15,14,2,0,107.14,out,T20I # 2633,17.0,143.66,62.75,12.0,5,6,102
Papua New Guinea Vs West Indies,West Indies,6,Sherfane Rutherford,2,7,0,0,28.57,out,T20I # 2633,40.33,147.56,61.16,14.0,6,6,121
Papua New Guinea Vs West Indies,West Indies,7,Andre Russell,15,9,0,1,166.66,not out,T20I # 2633,26.0,165.96,71.79,8.0,6,6,78
Canada Vs United States of America,Canada,1,Aaron Johnson,23,16,5,0,143.75,out,T20I # 2632,29.67,121.92,80.9,24.0,1,3,89
Canada Vs United States of America,Canada,2,Navneet Dhaliwal,61,44,6,3,138.63,out,T20I # 2632,23.67,116.39,70.42,20.0,2,3,71
Canada Vs United States of America,Canada,3,Pargat Singh,5,7,0,0,71.42,out,T20I # 2632,8.33,92.59,32.0,9.0,3,3,25
Canada Vs United States of America,Canada,4,Nicholas Kirton,51,31,3,2,164.51,out,T20I # 2632,33.67,140.28,47.52,24.0,4,3,101
Canada Vs United States of America,Canada,5,Shreyas Movva,32,16,2,2,200.0,not out,T20I # 2632,35.5,116.39,45.07,20.0,5,3,71
Canada Vs United States of America,Canada,6,Dilpreet Bajwa,11,5,1,1,220.0,out,T20I # 2632,9.0,128.57,77.78,7.0,6,2,18
Canada Vs United States of America,Canada,7,Dilon Heyliger,1,1,0,0,100.0,not out,T20I # 2632,10.0,71.43,40.0,5.0,7,3,10
Canada Vs United States of America,United States of America,1,Steven Taylor,0,2,0,0,0.0,out,T20I # 2632,12.33,90.24,62.16,14.0,1,6,74
Canada Vs United States of America,United States of America,2,Monank Patel,16,16,2,0,100.0,out,T20I # 2632,33.0,122.22,63.64,27.0,2,2,66
Canada Vs United States of America,United States of America,3,Andries Gous,65,46,7,3,141.3,out,T20I # 2632,43.8,151.03,66.67,24.0,2,6,219
Canada Vs United States of America,United States of America,4,Aaron Jones,94,40,4,10,235.0,not out,T20I # 2632,40.5,135.0,71.6,20.0,4,6,162
Canada Vs United States of America,United States of America,5,Corey Anderson,3,5,0,0,60.0,not out,T20I # 2632,16.5,91.67,33.33,14.0,5,5,66
Scotland Vs England,Scotland,1,George Munsey,41,31,4,2,132.25,not out,T20I # 2637,41.33,139.33,69.35,22.0,1,4,124
Scotland Vs England,Scotland,2,Michael Jones,45,30,4,2,150.0,not out,T20I # 2637,29.67,134.85,69.66,16.0,2,4,89
